"city","station_name","station_id","year","month","day","mean_temp","lat","lon"
"Ottawa","OTTAWA CDA",4333,1949,7,1,25,45.38,-75.72
"Ottawa","OTTAWA CDA",4333,1950,7,1,17.2,45.38,-75.72
"Ottawa","OTTAWA CDA",4333,1951,7,1,17,45.38,-75.72
"Ottawa","OTTAWA CDA",4333,1952,7,1,17.5,45.38,-75.72
"Ottawa","OTTAWA CDA",4333,1953,7,1,21.9,45.38,-75.72
"Ottawa","OTTAWA CDA",4333,1954,7,1,20.6,45.38,-75.72
"Ottawa","OTTAWA CDA",4333,1955,7,1,24.5,45.38,-75.72
"Ottawa","OTTAWA CDA",4333,1956,7,1,21.1,45.38,-75.72
"Ottawa","OTTAWA CDA",4333,1957,7,1,16.2,45.38,-75.72
"Ottawa","OTTAWA CDA",4333,1958,7,1,22.8,45.38,-75.72
"Ottawa","OTTAWA CDA",4333,1959,7,1,18.1,45.38,-75.72
"Ottawa","OTTAWA CDA",4333,1960,7,1,17.2,45.38,-75.72
"Ottawa","OTTAWA CDA",4333,1961,7,1,17.5,45.38,-75.72
"Ottawa","OTTAWA CDA",4333,1962,7,1,18.6,45.38,-75.72
"Ottawa","OTTAWA CDA",4333,1963,7,1,28.1,45.38,-75.72
"Ottawa","OTTAWA CDA",4333,1964,7,1,25,45.38,-75.72
"Ottawa","OTTAWA CDA",4333,1965,7,1,17.8,45.38,-75.72
"Ottawa","OTTAWA CDA",4333,1966,7,1,21.4,45.38,-75.72
"Ottawa","OTTAWA CDA",4333,1967,7,1,22.3,45.38,-75.72
"Ottawa","OTTAWA CDA",4333,1968,7,1,25.3,45.38,-75.72
"Ottawa","OTTAWA CDA",4333,1969,7,1,17.2,45.38,-75.72
"Ottawa","OTTAWA CDA",4333,1970,7,1,17,45.38,-75.72
"Ottawa","OTTAWA CDA",4333,1971,7,1,24.2,45.38,-75.72
"Ottawa","OTTAWA CDA",4333,1972,7,1,22,45.38,-75.72
"Ottawa","OTTAWA CDA",4333,1973,7,1,21.1,45.38,-75.72
"Ottawa","OTTAWA CDA",4333,1974,7,1,19.5,45.38,-75.72
"Ottawa","OTTAWA CDA",4333,1975,7,1,21.7,45.38,-75.72
"Ottawa","OTTAWA CDA",4333,1976,7,1,20.6,45.38,-75.72
"Ottawa","OTTAWA CDA",4333,1977,7,1,22.5,45.38,-75.72
"Ottawa","OTTAWA CDA",4333,1978,7,1,17.5,45.38,-75.72
"Ottawa","OTTAWA CDA",4333,1979,7,1,20.5,45.38,-75.72
"Ottawa","OTTAWA CDA",4333,1980,7,1,19,45.38,-75.72
"Ottawa","OTTAWA CDA",4333,1981,7,1,18,45.38,-75.72
"Ottawa","OTTAWA CDA",4333,1982,7,1,14.3,45.38,-75.72
"Ottawa","OTTAWA CDA",4333,1983,7,1,23.3,45.38,-75.72
"Ottawa","OTTAWA CDA",4333,1984,7,1,21.2,45.38,-75.72
"Ottawa","OTTAWA CDA",4333,1985,7,1,19.9,45.38,-75.72
"Ottawa","OTTAWA CDA",4333,1986,7,1,17.1,45.38,-75.72
"Ottawa","OTTAWA CDA",4333,1987,7,1,18.6,45.38,-75.72
"Ottawa","OTTAWA CDA",4333,1988,7,1,15.7,45.38,-75.72
"Ottawa","OTTAWA CDA",4333,1989,7,1,21.3,45.38,-75.72
"Ottawa","OTTAWA CDA",4333,1990,7,1,19.8,45.38,-75.72
"Ottawa","OTTAWA CDA",4333,1991,7,1,18.1,45.38,-75.72
"Ottawa","OTTAWA CDA",4333,1992,7,1,16.6,45.38,-75.72
"Ottawa","OTTAWA CDA",4333,1993,7,1,19,45.38,-75.72
"Ottawa","OTTAWA CDA",4333,1994,7,1,20.6,45.38,-75.72
"Ottawa","OTTAWA CDA",4333,1995,7,1,24.2,45.38,-75.72
"Ottawa","OTTAWA CDA",4333,1996,7,1,23.4,45.38,-75.72
"Ottawa","OTTAWA CDA",4333,1997,7,1,24.2,45.38,-75.72
"Ottawa","OTTAWA CDA",4333,1998,7,1,17.8,45.38,-75.72
"Ottawa","OTTAWA CDA",4333,1999,7,1,21.6,45.38,-75.72
"Ottawa","OTTAWA CDA",4333,2000,7,1,20.2,45.38,-75.72
"Ottawa","OTTAWA CDA",4333,2001,7,1,20.9,45.38,-75.72
"Ottawa","OTTAWA CDA",4333,2002,7,1,26.1,45.38,-75.72
"Ottawa","OTTAWA CDA",4333,2003,7,1,21,45.38,-75.72
"Ottawa","OTTAWA CDA",4333,2004,7,1,19.9,45.38,-75.72
"Ottawa","OTTAWA CDA",4333,2005,7,1,25.2,45.38,-75.72
"Ottawa","OTTAWA CDA",4333,2006,7,1,19.9,45.38,-75.72
"Ottawa","OTTAWA CDA",4333,2007,7,1,14.5,45.38,-75.72
"Ottawa","OTTAWA CDA",4333,2008,7,1,19.2,45.38,-75.72
"Ottawa","OTTAWA CDA",4333,2009,7,1,20.5,45.38,-75.72
"Ottawa","OTTAWA CDA",4333,2010,7,1,16.3,45.38,-75.72
"Ottawa","OTTAWA CDA",4333,2011,7,1,20.9,45.38,-75.72
"Ottawa","OTTAWA CDA",4333,2012,7,1,22.7,45.38,-75.72
"Ottawa","OTTAWA CDA",4333,2013,7,1,19.3,45.38,-75.72
"Ottawa","OTTAWA CDA",4333,2014,7,1,26.5,45.38,-75.72
"Ottawa","OTTAWA CDA",4333,2015,7,1,19.7,45.38,-75.72
"Ottawa","OTTAWA CDA",4333,2016,7,1,19.5,45.38,-75.72
"Ottawa","OTTAWA CDA",4333,2017,7,1,21.8,45.38,-75.72
"Ottawa","OTTAWA CDA",4333,2018,7,1,28.5,45.38,-75.72
"Ottawa","OTTAWA CDA",4333,2019,7,1,19.5,45.38,-75.72
"Ottawa","OTTAWA CDA",4333,2020,7,1,25,45.38,-75.72
"Ottawa","OTTAWA CDA",4333,2021,7,1,19.5,45.38,-75.72
"Ottawa","OTTAWA CDA",4333,2022,7,1,23.3,45.38,-75.72
"Ottawa","OTTAWA CDA",4333,2023,7,1,23.3,45.38,-75.72
"Ottawa","OTTAWA CDA",4333,2024,7,1,19.5,45.38,-75.72
"Toronto","WOODBRIDGE",5148,1949,7,1,24.5,43.78,-79.6
"Toronto","WOODBRIDGE",5148,1950,7,1,14.2,43.78,-79.6
"Toronto","WOODBRIDGE",5148,1951,7,1,18.1,43.78,-79.6
"Toronto","WOODBRIDGE",5148,1952,7,1,17.8,43.78,-79.6
"Toronto","WOODBRIDGE",5148,1953,7,1,20.9,43.78,-79.6
"Toronto","WOODBRIDGE",5148,1954,7,1,22.3,43.78,-79.6
"Toronto","WOODBRIDGE",5148,1955,7,1,24.8,43.78,-79.6
"Toronto","WOODBRIDGE",5148,1956,7,1,22,43.78,-79.6
"Toronto","WOODBRIDGE",5148,1957,7,1,15,43.78,-79.6
"Toronto","WOODBRIDGE",5148,1958,7,1,24.5,43.78,-79.6
"Toronto","WOODBRIDGE",5148,1959,7,1,20,43.78,-79.6
"Toronto","WOODBRIDGE",5148,1960,7,1,17.3,43.78,-79.6
"Toronto","WOODBRIDGE",5148,1961,7,1,17,43.78,-79.6
"Toronto","WOODBRIDGE",5148,1962,7,1,18.4,43.78,-79.6
"Toronto","WOODBRIDGE",5148,1963,7,1,26.1,43.78,-79.6
"Toronto","WOODBRIDGE",5148,1964,7,1,24.8,43.78,-79.6
"Toronto","WOODBRIDGE",5148,1965,7,1,16.4,43.78,-79.6
"Toronto","WOODBRIDGE",5148,1966,7,1,22.3,43.78,-79.6
"Toronto","WOODBRIDGE",5148,1967,7,1,21.4,43.78,-79.6
"Toronto","WOODBRIDGE",5148,1968,7,1,25.9,43.78,-79.6
"Toronto","WOODBRIDGE",5148,1969,7,1,17,43.78,-79.6
"Toronto","WOODBRIDGE",5148,1970,7,1,19.5,43.78,-79.6
"Toronto","WOODBRIDGE",5148,1971,7,1,25,43.78,-79.6
"Toronto","WOODBRIDGE",5148,1972,7,1,19.8,43.78,-79.6
"Toronto","WOODBRIDGE",5148,1973,7,1,21.1,43.78,-79.6
"Toronto","WOODBRIDGE",5148,1974,7,1,17.5,43.78,-79.6
"Toronto","WOODBRIDGE",5148,1975,7,1,19.5,43.78,-79.6
"Toronto","WOODBRIDGE",5148,1976,7,1,19.2,43.78,-79.6
"Toronto","WOODBRIDGE",5148,1977,7,1,21.3,43.78,-79.6
"Toronto","WOODBRIDGE",5148,1978,7,1,17,43.78,-79.6
"Toronto","WOODBRIDGE",5148,1979,7,1,18,43.78,-79.6
"Toronto","WOODBRIDGE",5148,1980,7,1,17,43.78,-79.6
"Toronto","WOODBRIDGE",5148,1981,7,1,20.8,43.78,-79.6
"Toronto","WOODBRIDGE",5148,1982,7,1,14.3,43.78,-79.6
"Toronto","WOODBRIDGE",5148,1983,7,1,23.5,43.78,-79.6
"Toronto","WOODBRIDGE",5148,1984,7,1,19.3,43.78,-79.6
"Toronto","WOODBRIDGE",5148,1985,7,1,17.8,43.78,-79.6
"Toronto","WOODBRIDGE",5148,1986,7,1,13.8,43.78,-79.6
"Toronto","WOODBRIDGE",5148,1987,7,1,16.5,43.78,-79.6
"Toronto","WOODBRIDGE",5148,1988,7,1,16,43.78,-79.6
"Toronto","WOODBRIDGE",5148,1989,7,1,19.5,43.78,-79.6
"Toronto","WOODBRIDGE",5148,1990,7,1,19.3,43.78,-79.6
"Toronto","WOODBRIDGE",5148,1991,7,1,19.8,43.78,-79.6
"Toronto","WOODBRIDGE",5148,1994,7,1,20,43.78,-79.6
"Toronto","TORONTO NORTH YORK",26953,1995,7,1,22,43.78,-79.47
"Toronto","TORONTO NORTH YORK",26953,1996,7,1,21.5,43.78,-79.47
"Toronto","TORONTO NORTH YORK",26953,1997,7,1,22.5,43.78,-79.47
"Toronto","TORONTO NORTH YORK",26953,1998,7,1,20.3,43.78,-79.47
"Toronto","TORONTO NORTH YORK",26953,1999,7,1,18.3,43.78,-79.47
"Toronto","TORONTO NORTH YORK",26953,2000,7,1,20.8,43.78,-79.47
"Toronto","TORONTO NORTH YORK",26953,2001,7,1,18.8,43.78,-79.47
"Toronto","TORONTO NORTH YORK",26953,2002,7,1,26.8,43.78,-79.47
"Toronto","TORONTO NORTH YORK",26953,2003,7,1,20.5,43.78,-79.47
"Toronto","TORONTO NORTH YORK",26953,2004,7,1,21.3,43.78,-79.47
"Toronto","TORONTO NORTH YORK",26953,2005,7,1,25.5,43.78,-79.47
"Toronto","TORONTO NORTH YORK",26953,2006,7,1,22.5,43.78,-79.47
"Toronto","TORONTO NORTH YORK",26953,2007,7,1,15.8,43.78,-79.47
"Toronto","TORONTO NORTH YORK",26953,2008,7,1,18.5,43.78,-79.47
"Toronto","TORONTO NORTH YORK",26953,2009,7,1,19.3,43.78,-79.47
"Toronto","TORONTO NORTH YORK",26953,2010,7,1,15.8,43.78,-79.47
"Toronto","TORONTO NORTH YORK",26953,2011,7,1,17.8,43.78,-79.47
"Toronto","TORONTO NORTH YORK",26953,2012,7,1,24.8,43.78,-79.47
"Toronto","TORONTO NORTH YORK",26953,2013,7,1,20,43.78,-79.47
"Toronto","TORONTO NORTH YORK",26953,2014,7,1,26.5,43.78,-79.47
"Toronto","TORONTO NORTH YORK",26953,2015,7,1,19,43.78,-79.47
"Toronto","TORONTO NORTH YORK",26953,2016,7,1,17.3,43.78,-79.47
"Toronto","TORONTO NORTH YORK",26953,2017,7,1,22.5,43.78,-79.47
"Toronto","TORONTO NORTH YORK",26953,2018,7,1,28.3,43.78,-79.47
"Toronto","TORONTO NORTH YORK",26953,2019,7,1,20,43.78,-79.47
"Toronto","TORONTO NORTH YORK",26953,2020,7,1,23.5,43.78,-79.47
"Toronto","TORONTO NORTH YORK",26953,2021,7,1,22,43.78,-79.47
"Toronto","TORONTO NORTH YORK",26953,2022,7,1,23,43.78,-79.47
"Toronto","TORONTO NORTH YORK",26953,2023,7,1,23.5,43.78,-79.47
"Toronto","TORONTO NORTH YORK",26953,2024,7,1,17.5,43.78,-79.47
"Victoria","VICTORIA GONZALES HTS",113,1949,7,1,14.5,48.41,-123.33
"Victoria","VICTORIA GONZALES HTS",113,1950,7,1,14.2,48.41,-123.33
"Victoria","VICTORIA GONZALES HTS",113,1951,7,1,15.6,48.41,-123.33
"Victoria","VICTORIA GONZALES HTS",113,1952,7,1,14.2,48.41,-123.33
"Victoria","VICTORIA GONZALES HTS",113,1953,7,1,14.5,48.41,-123.33
"Victoria","VICTORIA GONZALES HTS",113,1954,7,1,12.2,48.41,-123.33
"Victoria","VICTORIA GONZALES HTS",113,1955,7,1,12.8,48.41,-123.33
"Victoria","VICTORIA GONZALES HTS",113,1956,7,1,14.5,48.41,-123.33
"Victoria","VICTORIA GONZALES HTS",113,1957,7,1,14.8,48.41,-123.33
"Victoria","VICTORIA GONZALES HTS",113,1958,7,1,15.3,48.41,-123.33
"Victoria","VICTORIA GONZALES HTS",113,1959,7,1,14.7,48.41,-123.33
"Victoria","VICTORIA GONZALES HTS",113,1960,7,1,13.9,48.41,-123.33
"Victoria","VICTORIA GONZALES HTS",113,1961,7,1,15,48.41,-123.33
"Victoria","VICTORIA GONZALES HTS",113,1962,7,1,13.1,48.41,-123.33
"Victoria","VICTORIA GONZALES HTS",113,1963,7,1,15,48.41,-123.33
"Victoria","VICTORIA GONZALES HTS",113,1964,7,1,15,48.41,-123.33
"Victoria","VICTORIA GONZALES HTS",113,1965,7,1,15.6,48.41,-123.33
"Victoria","VICTORIA GONZALES HTS",113,1966,7,1,11.7,48.41,-123.33
"Victoria","VICTORIA GONZALES HTS",113,1967,7,1,19.5,48.41,-123.33
"Victoria","VICTORIA GONZALES HTS",113,1968,7,1,18.9,48.41,-123.33
"Victoria","VICTORIA GONZALES HTS",113,1969,7,1,19.2,48.41,-123.33
"Victoria","VICTORIA GONZALES HTS",113,1970,7,1,14.5,48.41,-123.33
"Victoria","VICTORIA GONZALES HTS",113,1971,7,1,13.4,48.41,-123.33
"Victoria","VICTORIA GONZALES HTS",113,1972,7,1,15.3,48.41,-123.33
"Victoria","VICTORIA GONZALES HTS",113,1973,7,1,11.7,48.41,-123.33
"Victoria","VICTORIA GONZALES HTS",113,1974,7,1,14.5,48.41,-123.33
"Victoria","VICTORIA GONZALES HTS",113,1975,7,1,15,48.41,-123.33
"Victoria","VICTORIA GONZALES HTS",113,1976,7,1,13.1,48.41,-123.33
"Victoria","VICTORIA GONZALES HTS",113,1977,7,1,13.8,48.41,-123.33
"Victoria","VICTORIA GONZALES HTS",113,1978,7,1,15.9,48.41,-123.33
"Victoria","VICTORIA GONZALES HTS",113,1979,7,1,10.5,48.41,-123.33
"Victoria","VICTORIA GONZALES HTS",113,1980,7,1,13.9,48.41,-123.33
"Victoria","VICTORIA GONZALES HTS",113,1981,7,1,15.3,48.41,-123.33
"Victoria","VICTORIA GONZALES HTS",113,1982,7,1,14.3,48.41,-123.33
"Victoria","VICTORIA GONZALES HTS",113,1983,7,1,14.1,48.41,-123.33
"Victoria","VICTORIA GONZALES HTS",113,1984,7,1,13.8,48.41,-123.33
"Victoria","VICTORIA GONZALES HTS",113,1985,7,1,15.8,48.41,-123.33
"Victoria","VICTORIA GONZALES HTS",113,1986,7,1,13.7,48.41,-123.33
"Victoria","VICTORIA GONZALES HTS",113,1987,7,1,15.5,48.41,-123.33
"Victoria","VICTORIA GONZALES HTS",113,1988,7,1,13.8,48.41,-123.33
"Victoria","VICTORIA GONZALES HTS",113,1994,7,1,15.7,48.41,-123.33
"Victoria","VICTORIA GONZALES HTS",113,1995,7,1,18.5,48.41,-123.33
"Victoria","VICTORIA GONZALES HTS",113,1996,7,1,15.1,48.41,-123.33
"Victoria","VICTORIA GONZALES HTS",113,1997,7,1,14.2,48.41,-123.33
"Victoria","VICTORIA GONZALES HTS",113,1998,7,1,14.2,48.41,-123.33
"Victoria","VICTORIA GONZALES HTS",113,1999,7,1,13.8,48.41,-123.33
"Victoria","VICTORIA GONZALES HTS",113,2000,7,1,15.1,48.41,-123.33
"Victoria","VICTORIA GONZALES HTS",113,2001,7,1,15.5,48.41,-123.33
"Victoria","VICTORIA GONZALES HTS",113,2002,7,1,15.2,48.41,-123.33
"Victoria","VICTORIA GONZALES HTS",113,2003,7,1,15,48.41,-123.33
"Victoria","VICTORIA GONZALES HTS",113,2004,7,1,15.9,48.41,-123.33
"Victoria","VICTORIA GONZALES CS",114,2005,7,1,16.5,48.41,-123.32
"Victoria","VICTORIA GONZALES CS",114,2006,7,1,15.6,48.41,-123.32
"Victoria","VICTORIA GONZALES CS",114,2007,7,1,16.1,48.41,-123.32
"Victoria","VICTORIA GONZALES CS",114,2008,7,1,15.3,48.41,-123.32
"Victoria","VICTORIA GONZALES CS",114,2009,7,1,17.4,48.41,-123.32
"Victoria","VICTORIA GONZALES CS",114,2010,7,1,11.8,48.41,-123.32
"Victoria","VICTORIA GONZALES CS",114,2011,7,1,13.5,48.41,-123.32
"Victoria","VICTORIA GONZALES CS",114,2012,7,1,14.2,48.41,-123.32
"Victoria","VICTORIA GONZALES CS",114,2013,7,1,19,48.41,-123.32
"Victoria","VICTORIA GONZALES CS",114,2014,7,1,22.5,48.41,-123.32
"Victoria","VICTORIA GONZALES CS",114,2015,7,1,19.2,48.41,-123.32
"Victoria","VICTORIA GONZALES CS",114,2016,7,1,13.4,48.41,-123.32
"Victoria","VICTORIA GONZALES CS",114,2017,7,1,13.9,48.41,-123.32
"Victoria","VICTORIA GONZALES CS",114,2018,7,1,14.9,48.41,-123.32
"Victoria","VICTORIA GONZALES CS",114,2019,7,1,17.1,48.41,-123.32
"Victoria","VICTORIA GONZALES CS",114,2020,7,1,13.1,48.41,-123.32
"Victoria","VICTORIA GONZALES CS",114,2021,7,1,15.4,48.41,-123.32
"Victoria","VICTORIA GONZALES CS",114,2022,7,1,16.2,48.41,-123.32
"Victoria","VICTORIA GONZALES CS",114,2023,7,1,16.3,48.41,-123.32
"Victoria","VICTORIA GONZALES CS",114,2024,7,1,16.6,48.41,-123.32
"Edmonton","EDMONTON CITY CENTRE A",1867,1949,7,1,16.1,53.57,-113.52
"Edmonton","EDMONTON CITY CENTRE A",1867,1950,7,1,18.1,53.57,-113.52
"Edmonton","EDMONTON CITY CENTRE A",1867,1951,7,1,13.3,53.57,-113.52
"Edmonton","EDMONTON CITY CENTRE A",1867,1952,7,1,14.7,53.57,-113.52
"Edmonton","EDMONTON CITY CENTRE A",1867,1953,7,1,16.4,53.57,-113.52
"Edmonton","EDMONTON CITY CENTRE A",1867,1954,7,1,15.9,53.57,-113.52
"Edmonton","EDMONTON CITY CENTRE A",1867,1955,7,1,13.6,53.57,-113.52
"Edmonton","EDMONTON CITY CENTRE A",1867,1956,7,1,14.5,53.57,-113.52
"Edmonton","EDMONTON CITY CENTRE A",1867,1957,7,1,14.5,53.57,-113.52
"Edmonton","EDMONTON CITY CENTRE A",1867,1958,7,1,14.8,53.57,-113.52
"Edmonton","EDMONTON CITY CENTRE A",1867,1959,7,1,16.7,53.57,-113.52
"Edmonton","EDMONTON CITY CENTRE A",1867,1960,7,1,17.5,53.57,-113.52
"Edmonton","EDMONTON CITY CENTRE A",1867,1961,7,1,14.5,53.57,-113.52
"Edmonton","EDMONTON CITY CENTRE A",1867,1962,7,1,13.6,53.57,-113.52
"Edmonton","EDMONTON CITY CENTRE A",1867,1963,7,1,16.7,53.57,-113.52
"Edmonton","EDMONTON CITY CENTRE A",1867,1964,7,1,16.7,53.57,-113.52
"Edmonton","EDMONTON CITY CENTRE A",1867,1965,7,1,18.1,53.57,-113.52
"Edmonton","EDMONTON CITY CENTRE A",1867,1966,7,1,15,53.57,-113.52
"Edmonton","EDMONTON CITY CENTRE A",1867,1967,7,1,15.3,53.57,-113.52
"Edmonton","EDMONTON CITY CENTRE A",1867,1968,7,1,14.8,53.57,-113.52
"Edmonton","EDMONTON CITY CENTRE A",1867,1969,7,1,14.2,53.57,-113.52
"Edmonton","EDMONTON CITY CENTRE A",1867,1970,7,1,13.9,53.57,-113.52
"Edmonton","EDMONTON CITY CENTRE A",1867,1971,7,1,16.4,53.57,-113.52
"Edmonton","EDMONTON CITY CENTRE A",1867,1972,7,1,10.3,53.57,-113.52
"Edmonton","EDMONTON CITY CENTRE A",1867,1973,7,1,12.8,53.57,-113.52
"Edmonton","EDMONTON CITY CENTRE A",1867,1974,7,1,13.9,53.57,-113.52
"Edmonton","EDMONTON CITY CENTRE A",1867,1975,7,1,18.4,53.57,-113.52
"Edmonton","EDMONTON CITY CENTRE A",1867,1976,7,1,17.8,53.57,-113.52
"Edmonton","EDMONTON CITY CENTRE A",1867,1977,7,1,16.7,53.57,-113.52
"Edmonton","EDMONTON CITY CENTRE A",1867,1978,7,1,19.1,53.57,-113.52
"Edmonton","EDMONTON CITY CENTRE A",1867,1979,7,1,14.6,53.57,-113.52
"Edmonton","EDMONTON CITY CENTRE A",1867,1980,7,1,17.1,53.57,-113.52
"Edmonton","EDMONTON CITY CENTRE A",1867,1981,7,1,16.6,53.57,-113.52
"Edmonton","EDMONTON CITY CENTRE A",1867,1982,7,1,19.9,53.57,-113.52
"Edmonton","EDMONTON CITY CENTRE A",1867,1983,7,1,17.1,53.57,-113.52
"Edmonton","EDMONTON CITY CENTRE A",1867,1984,7,1,14.8,53.57,-113.52
"Edmonton","EDMONTON CITY CENTRE A",1867,1985,7,1,19.4,53.57,-113.52
"Edmonton","EDMONTON CITY CENTRE A",1867,1986,7,1,18.3,53.57,-113.52
"Edmonton","EDMONTON CITY CENTRE A",1867,1987,7,1,17.5,53.57,-113.52
"Edmonton","EDMONTON CITY CENTRE A",1867,1988,7,1,15.8,53.57,-113.52
"Edmonton","EDMONTON CITY CENTRE A",1867,1989,7,1,15.8,53.57,-113.52
"Edmonton","EDMONTON CITY CENTRE A",1867,1990,7,1,16.4,53.57,-113.52
"Edmonton","EDMONTON CITY CENTRE A",1867,1991,7,1,18.8,53.57,-113.52
"Edmonton","EDMONTON CITY CENTRE A",1867,1992,7,1,14.4,53.57,-113.52
"Edmonton","EDMONTON CITY CENTRE A",1867,1994,7,1,17.2,53.57,-113.52
"Edmonton","EDMONTON CITY CENTRE A",1867,1995,7,1,16.4,53.57,-113.52
"Edmonton","EDMONTON BLATCHFORD",27214,1996,7,1,18.2,53.57,-113.52
"Edmonton","EDMONTON BLATCHFORD",27214,1997,7,1,14.4,53.57,-113.52
"Edmonton","EDMONTON BLATCHFORD",27214,1998,7,1,17.9,53.57,-113.52
"Edmonton","EDMONTON BLATCHFORD",27214,1999,7,1,13.7,53.57,-113.52
"Edmonton","EDMONTON BLATCHFORD",27214,2000,7,1,16.7,53.57,-113.52
"Edmonton","EDMONTON BLATCHFORD",27214,2001,7,1,17.2,53.57,-113.52
"Edmonton","EDMONTON BLATCHFORD",27214,2002,7,1,15.4,53.57,-113.52
"Edmonton","EDMONTON BLATCHFORD",27214,2003,7,1,17.7,53.57,-113.52
"Edmonton","EDMONTON BLATCHFORD",27214,2004,7,1,19.5,53.57,-113.52
"Edmonton","EDMONTON BLATCHFORD",27214,2005,7,1,16.2,53.57,-113.52
"Edmonton","EDMONTON BLATCHFORD",27214,2006,7,1,19.1,53.57,-113.52
"Edmonton","EDMONTON BLATCHFORD",27214,2007,7,1,16.5,53.57,-113.52
"Edmonton","EDMONTON BLATCHFORD",27214,2008,7,1,19.2,53.57,-113.52
"Edmonton","EDMONTON BLATCHFORD",27214,2009,7,1,13,53.57,-113.52
"Edmonton","EDMONTON BLATCHFORD",27214,2010,7,1,13.2,53.57,-113.52
"Edmonton","EDMONTON BLATCHFORD",27214,2011,7,1,15,53.57,-113.52
"Edmonton","EDMONTON BLATCHFORD",27214,2012,7,1,17.3,53.57,-113.52
"Edmonton","EDMONTON BLATCHFORD",27214,2013,7,1,22.4,53.57,-113.52
"Edmonton","EDMONTON BLATCHFORD",27214,2014,7,1,18.7,53.57,-113.52
"Edmonton","EDMONTON BLATCHFORD",27214,2015,7,1,20.6,53.57,-113.52
"Edmonton","EDMONTON BLATCHFORD",27214,2016,7,1,18.3,53.57,-113.52
"Edmonton","EDMONTON BLATCHFORD",27214,2017,7,1,20.2,53.57,-113.52
"Edmonton","EDMONTON BLATCHFORD",27214,2018,7,1,15.4,53.57,-113.52
"Edmonton","EDMONTON BLATCHFORD",27214,2019,7,1,13.1,53.57,-113.52
"Edmonton","EDMONTON BLATCHFORD",27214,2020,7,1,14.8,53.57,-113.52
"Edmonton","EDMONTON BLATCHFORD",27214,2021,7,1,29.3,53.57,-113.52
"Edmonton","EDMONTON BLATCHFORD",27214,2022,7,1,16.7,53.57,-113.52
"Edmonton","EDMONTON BLATCHFORD",27214,2023,7,1,18.2,53.57,-113.52
"Edmonton","EDMONTON BLATCHFORD",27214,2024,7,1,19.2,53.57,-113.52
"Halifax","ST MARGARET'S BAY",6456,1949,7,1,15.3,44.7,-63.9
"Halifax","ST MARGARET'S BAY",6456,1950,7,1,15.8,44.7,-63.9
"Halifax","ST MARGARET'S BAY",6456,1951,7,1,18.9,44.7,-63.9
"Halifax","ST MARGARET'S BAY",6456,1952,7,1,16.9,44.7,-63.9
"Halifax","ST MARGARET'S BAY",6456,1953,7,1,18.6,44.7,-63.9
"Halifax","ST MARGARET'S BAY",6456,1954,7,1,15.3,44.7,-63.9
"Halifax","ST MARGARET'S BAY",6456,1955,7,1,18.6,44.7,-63.9
"Halifax","ST MARGARET'S BAY",6456,1956,7,1,16.1,44.7,-63.9
"Halifax","ST MARGARET'S BAY",6456,1957,7,1,16.1,44.7,-63.9
"Halifax","ST MARGARET'S BAY",6456,1958,7,1,18.1,44.7,-63.9
"Halifax","ST MARGARET'S BAY",6456,1959,7,1,17.5,44.7,-63.9
"Halifax","ST MARGARET'S BAY",6456,1960,7,1,18.4,44.7,-63.9
"Halifax","ST MARGARET'S BAY",6456,1961,7,1,14.5,44.7,-63.9
"Halifax","ST MARGARET'S BAY",6456,1962,7,1,19.2,44.7,-63.9
"Halifax","ST MARGARET'S BAY",6456,1964,7,1,14.2,44.7,-63.9
"Halifax","ST MARGARET'S BAY",6456,1965,7,1,17,44.7,-63.9
"Halifax","ST MARGARET'S BAY",6456,1966,7,1,16.4,44.7,-63.9
"Halifax","ST MARGARET'S BAY",6456,1967,7,1,16.1,44.7,-63.9
"Halifax","ST MARGARET'S BAY",6456,1968,7,1,19.7,44.7,-63.9
"Halifax","ST MARGARET'S BAY",6456,1969,7,1,17,44.7,-63.9
"Halifax","ST MARGARET'S BAY",6456,1970,7,1,14.2,44.7,-63.9
"Halifax","ST MARGARET'S BAY",6456,1971,7,1,19.5,44.7,-63.9
"Halifax","ST MARGARET'S BAY",6456,1972,7,1,16.7,44.7,-63.9
"Halifax","ST MARGARET'S BAY",6456,1973,7,1,15.6,44.7,-63.9
"Halifax","ST MARGARET'S BAY",6456,1974,7,1,15.6,44.7,-63.9
"Halifax","ST MARGARET'S BAY",6456,1975,7,1,15.8,44.7,-63.9
"Halifax","ST MARGARET'S BAY",6456,1976,7,1,13.9,44.7,-63.9
"Halifax","ST MARGARET'S BAY",6456,1977,7,1,15.6,44.7,-63.9
"Halifax","ST MARGARET'S BAY",6456,1978,7,1,13.9,44.7,-63.9
"Halifax","ST MARGARET'S BAY",6456,1979,7,1,15.8,44.7,-63.9
"Halifax","ST MARGARET'S BAY",6456,1980,7,1,15.3,44.7,-63.9
"Halifax","ST MARGARET'S BAY",6456,1981,7,1,20.3,44.7,-63.9
"Halifax","ST MARGARET'S BAY",6456,1982,7,1,13.5,44.7,-63.9
"Halifax","ST MARGARET'S BAY",6456,1983,7,1,15,44.7,-63.9
"Halifax","ST MARGARET'S BAY",6456,1984,7,1,20,44.7,-63.9
"Halifax","ST MARGARET'S BAY",6456,1985,7,1,15.8,44.7,-63.9
"Halifax","ST MARGARET'S BAY",6456,1986,7,1,15.3,44.7,-63.9
"Halifax","ST MARGARET'S BAY",6456,1987,7,1,19.5,44.7,-63.9
"Halifax","ST MARGARET'S BAY",6456,1988,7,1,12,44.7,-63.9
"Halifax","ST MARGARET'S BAY",6456,1989,7,1,16.3,44.7,-63.9
"Halifax","ST MARGARET'S BAY",6456,1990,7,1,18,44.7,-63.9
"Halifax","ST MARGARET'S BAY",6456,1991,7,1,16.5,44.7,-63.9
"Halifax","ST MARGARET'S BAY",6456,1992,7,1,18,44.7,-63.9
"Halifax","ST MARGARET'S BAY",6456,1993,7,1,15,44.7,-63.9
"Halifax","ST MARGARET'S BAY",6456,1994,7,1,17.5,44.7,-63.9
"Halifax","ST MARGARET'S BAY",6456,1995,7,1,14.3,44.7,-63.9
"Halifax","ST MARGARET'S BAY",6456,1996,7,1,17.8,44.7,-63.9
"Halifax","ST MARGARET'S BAY",6456,1997,7,1,18.8,44.7,-63.9
"Halifax","ST MARGARET'S BAY",6456,1998,7,1,18.5,44.7,-63.9
"Halifax","ST MARGARET'S BAY",6456,1999,7,1,16.5,44.7,-63.9
"Halifax","ST MARGARET'S BAY",6456,2000,7,1,18.8,44.7,-63.9
"Halifax","ST MARGARET'S BAY",6456,2001,7,1,20.3,44.7,-63.9
"Halifax","ST MARGARET'S BAY",6456,2002,7,1,13.5,44.7,-63.9
"Halifax","ST MARGARET'S BAY",6456,2003,7,1,21.5,44.7,-63.9
"Halifax","ST MARGARET'S BAY",6456,2004,7,1,17,44.7,-63.9
"Halifax","ST MARGARET'S BAY",6456,2005,7,1,19,44.7,-63.9
"Halifax","ST MARGARET'S BAY",6456,2008,7,1,19,44.7,-63.9
"Halifax","ST MARGARET'S BAY",6456,2009,7,1,20,44.7,-63.9
"Halifax","ST MARGARET'S BAY",6456,2011,7,1,19.5,44.7,-63.9
"Halifax","ST MARGARET'S BAY",6456,2012,7,1,21.5,44.7,-63.9
"Halifax","ST MARGARET'S BAY",6456,2013,7,1,17.5,44.7,-63.9
"Halifax","ST MARGARET'S BAY",6456,2014,7,1,21.5,44.7,-63.9
"Halifax","ST MARGARET'S BAY",6456,2015,7,1,21,44.7,-63.9
"Halifax","ST MARGARET'S BAY",6456,2016,7,1,18.5,44.7,-63.9
"Halifax","ST MARGARET'S BAY",6456,2017,7,1,15,44.7,-63.9
"Halifax","ST MARGARET'S BAY",6456,2018,7,1,22.8,44.7,-63.9
"Halifax","ST MARGARET'S BAY",6456,2019,7,1,15.5,44.7,-63.9
"Halifax","ST MARGARET'S BAY",6456,2020,7,1,22.5,44.7,-63.9
"Halifax","POCKWOCK LAKE",6435,2022,7,1,18.5,44.77,-63.83
"Halifax","POCKWOCK LAKE",6435,2023,7,1,19.8,44.77,-63.83
"Halifax","POCKWOCK LAKE",6435,2024,7,1,18,44.77,-63.83
"Winnipeg","WINNIPEG RICHARDSON INT'L A",3698,1949,7,1,20.3,49.92,-97.23
"Winnipeg","WINNIPEG RICHARDSON INT'L A",3698,1950,7,1,15.9,49.92,-97.23
"Winnipeg","WINNIPEG RICHARDSON INT'L A",3698,1951,7,1,15.3,49.92,-97.23
"Winnipeg","WINNIPEG RICHARDSON INT'L A",3698,1952,7,1,22.3,49.92,-97.23
"Winnipeg","WINNIPEG RICHARDSON INT'L A",3698,1953,7,1,20.3,49.92,-97.23
"Winnipeg","WINNIPEG RICHARDSON INT'L A",3698,1954,7,1,10.6,49.92,-97.23
"Winnipeg","WINNIPEG RICHARDSON INT'L A",3698,1955,7,1,19.2,49.92,-97.23
"Winnipeg","WINNIPEG RICHARDSON INT'L A",3698,1956,7,1,15,49.92,-97.23
"Winnipeg","WINNIPEG RICHARDSON INT'L A",3698,1957,7,1,20,49.92,-97.23
"Winnipeg","WINNIPEG RICHARDSON INT'L A",3698,1958,7,1,20,49.92,-97.23
"Winnipeg","WINNIPEG RICHARDSON INT'L A",3698,1959,7,1,18.1,49.92,-97.23
"Winnipeg","WINNIPEG RICHARDSON INT'L A",3698,1960,7,1,17.3,49.92,-97.23
"Winnipeg","WINNIPEG RICHARDSON INT'L A",3698,1961,7,1,19.2,49.92,-97.23
"Winnipeg","WINNIPEG RICHARDSON INT'L A",3698,1962,7,1,22.8,49.92,-97.23
"Winnipeg","WINNIPEG RICHARDSON INT'L A",3698,1963,7,1,18.6,49.92,-97.23
"Winnipeg","WINNIPEG RICHARDSON INT'L A",3698,1964,7,1,18.6,49.92,-97.23
"Winnipeg","WINNIPEG RICHARDSON INT'L A",3698,1965,7,1,16.4,49.92,-97.23
"Winnipeg","WINNIPEG RICHARDSON INT'L A",3698,1966,7,1,21.7,49.92,-97.23
"Winnipeg","WINNIPEG RICHARDSON INT'L A",3698,1967,7,1,15.6,49.92,-97.23
"Winnipeg","WINNIPEG RICHARDSON INT'L A",3698,1968,7,1,12.2,49.92,-97.23
"Winnipeg","WINNIPEG RICHARDSON INT'L A",3698,1969,7,1,14.2,49.92,-97.23
"Winnipeg","WINNIPEG RICHARDSON INT'L A",3698,1970,7,1,20.3,49.92,-97.23
"Winnipeg","WINNIPEG RICHARDSON INT'L A",3698,1971,7,1,16.4,49.92,-97.23
"Winnipeg","WINNIPEG RICHARDSON INT'L A",3698,1972,7,1,12.5,49.92,-97.23
"Winnipeg","WINNIPEG RICHARDSON INT'L A",3698,1973,7,1,21.7,49.92,-97.23
"Winnipeg","WINNIPEG RICHARDSON INT'L A",3698,1974,7,1,22.5,49.92,-97.23
"Winnipeg","WINNIPEG RICHARDSON INT'L A",3698,1975,7,1,21.1,49.92,-97.23
"Winnipeg","WINNIPEG RICHARDSON INT'L A",3698,1976,7,1,18.4,49.92,-97.23
"Winnipeg","WINNIPEG RICHARDSON INT'L A",3698,1977,7,1,16.2,49.92,-97.23
"Winnipeg","WINNIPEG RICHARDSON INT'L A",3698,1978,7,1,23.8,49.92,-97.23
"Winnipeg","WINNIPEG RICHARDSON INT'L A",3698,1979,7,1,22,49.92,-97.23
"Winnipeg","WINNIPEG RICHARDSON INT'L A",3698,1980,7,1,15.4,49.92,-97.23
"Winnipeg","WINNIPEG RICHARDSON INT'L A",3698,1981,7,1,23.1,49.92,-97.23
"Winnipeg","WINNIPEG RICHARDSON INT'L A",3698,1982,7,1,18.6,49.92,-97.23
"Winnipeg","WINNIPEG RICHARDSON INT'L A",3698,1983,7,1,17.9,49.92,-97.23
"Winnipeg","WINNIPEG RICHARDSON INT'L A",3698,1984,7,1,18,49.92,-97.23
"Winnipeg","WINNIPEG RICHARDSON INT'L A",3698,1985,7,1,17.5,49.92,-97.23
"Winnipeg","WINNIPEG RICHARDSON INT'L A",3698,1986,7,1,19.2,49.92,-97.23
"Winnipeg","WINNIPEG RICHARDSON INT'L A",3698,1987,7,1,18,49.92,-97.23
"Winnipeg","WINNIPEG RICHARDSON INT'L A",3698,1988,7,1,21.2,49.92,-97.23
"Winnipeg","WINNIPEG RICHARDSON INT'L A",3698,1989,7,1,25,49.92,-97.23
"Winnipeg","WINNIPEG RICHARDSON INT'L A",3698,1990,7,1,22.8,49.92,-97.23
"Winnipeg","WINNIPEG RICHARDSON INT'L A",3698,1991,7,1,18.8,49.92,-97.23
"Winnipeg","WINNIPEG RICHARDSON INT'L A",3698,1992,7,1,13,49.92,-97.23
"Winnipeg","WINNIPEG RICHARDSON INT'L A",3698,1993,7,1,18.4,49.92,-97.23
"Winnipeg","WINNIPEG RICHARDSON INT'L A",3698,1994,7,1,15.4,49.92,-97.23
"Winnipeg","WINNIPEG RICHARDSON INT'L A",3698,1995,7,1,14.7,49.92,-97.23
"Winnipeg","WINNIPEG RICHARDSON INT'L A",3698,1996,7,1,20.6,49.92,-97.23
"Winnipeg","WINNIPEG RICHARDSON INT'L A",3698,1997,7,1,15.7,49.92,-97.23
"Winnipeg","WINNIPEG RICHARDSON INT'L A",3698,1998,7,1,19.3,49.92,-97.23
"Winnipeg","WINNIPEG RICHARDSON INT'L A",3698,1999,7,1,14.1,49.92,-97.23
"Winnipeg","WINNIPEG THE FORKS",28051,2000,7,1,18.7,49.89,-97.13
"Winnipeg","WINNIPEG THE FORKS",28051,2001,7,1,14.3,49.89,-97.13
"Winnipeg","WINNIPEG THE FORKS",28051,2002,7,1,22.4,49.89,-97.13
"Winnipeg","WINNIPEG THE FORKS",28051,2003,7,1,24.6,49.89,-97.13
"Winnipeg","WINNIPEG THE FORKS",28051,2004,7,1,17.8,49.89,-97.13
"Winnipeg","WINNIPEG THE FORKS",28051,2005,7,1,18.7,49.89,-97.13
"Winnipeg","WINNIPEG THE FORKS",28051,2006,7,1,23.8,49.89,-97.13
"Winnipeg","WINNIPEG THE FORKS",28051,2007,7,1,20.4,49.89,-97.13
"Winnipeg","WINNIPEG THE FORKS",28051,2008,7,1,23.5,49.89,-97.13
"Winnipeg","WINNIPEG THE FORKS",28051,2009,7,1,17.2,49.89,-97.13
"Winnipeg","WINNIPEG THE FORKS",28051,2010,7,1,24.7,49.89,-97.13
"Winnipeg","WINNIPEG THE FORKS",28051,2011,7,1,25.2,49.89,-97.13
"Winnipeg","WINNIPEG THE FORKS",28051,2012,7,1,25.3,49.89,-97.13
"Winnipeg","WINNIPEG THE FORKS",28051,2013,7,1,22.9,49.89,-97.13
"Winnipeg","WINNIPEG THE FORKS",28051,2014,7,1,14.3,49.89,-97.13
"Winnipeg","WINNIPEG THE FORKS",28051,2015,7,1,20.6,49.89,-97.13
"Winnipeg","WINNIPEG THE FORKS",28051,2016,7,1,16.6,49.89,-97.13
"Winnipeg","WINNIPEG THE FORKS",28051,2017,7,1,17.3,49.89,-97.13
"Winnipeg","WINNIPEG THE FORKS",28051,2018,7,1,21,49.89,-97.13
"Winnipeg","WINNIPEG THE FORKS",28051,2019,7,1,23.2,49.89,-97.13
"Winnipeg","WINNIPEG THE FORKS",28051,2020,7,1,23.8,49.89,-97.13
"Winnipeg","WINNIPEG THE FORKS",28051,2021,7,1,24.6,49.89,-97.13
"Winnipeg","WINNIPEG THE FORKS",28051,2022,7,1,17.3,49.89,-97.13
"Winnipeg","WINNIPEG THE FORKS",28051,2023,7,1,23.9,49.89,-97.13
"Winnipeg","WINNIPEG THE FORKS",28051,2024,7,1,16.7,49.89,-97.13
"Yellowknife","YELLOWKNIFE A",1706,1949,7,1,12.2,62.46,-114.44
"Yellowknife","YELLOWKNIFE A",1706,1950,7,1,16.1,62.46,-114.44
"Yellowknife","YELLOWKNIFE A",1706,1951,7,1,16.2,62.46,-114.44
"Yellowknife","YELLOWKNIFE A",1706,1952,7,1,12.2,62.46,-114.44
"Yellowknife","YELLOWKNIFE A",1706,1953,7,1,19.2,62.46,-114.44
"Yellowknife","YELLOWKNIFE A",1706,1954,7,1,21.7,62.46,-114.44
"Yellowknife","YELLOWKNIFE A",1706,1955,7,1,20,62.46,-114.44
"Yellowknife","YELLOWKNIFE A",1706,1956,7,1,17.5,62.46,-114.44
"Yellowknife","YELLOWKNIFE A",1706,1957,7,1,18.1,62.46,-114.44
"Yellowknife","YELLOWKNIFE A",1706,1958,7,1,13.3,62.46,-114.44
"Yellowknife","YELLOWKNIFE A",1706,1959,7,1,14.5,62.46,-114.44
"Yellowknife","YELLOWKNIFE A",1706,1960,7,1,17,62.46,-114.44
"Yellowknife","YELLOWKNIFE A",1706,1961,7,1,17.5,62.46,-114.44
"Yellowknife","YELLOWKNIFE A",1706,1962,7,1,13.9,62.46,-114.44
"Yellowknife","YELLOWKNIFE A",1706,1963,7,1,18.1,62.46,-114.44
"Yellowknife","YELLOWKNIFE A",1706,1964,7,1,15.9,62.46,-114.44
"Yellowknife","YELLOWKNIFE A",1706,1965,7,1,17.8,62.46,-114.44
"Yellowknife","YELLOWKNIFE A",1706,1966,7,1,15.6,62.46,-114.44
"Yellowknife","YELLOWKNIFE A",1706,1967,7,1,12.8,62.46,-114.44
"Yellowknife","YELLOWKNIFE A",1706,1968,7,1,15.6,62.46,-114.44
"Yellowknife","YELLOWKNIFE A",1706,1969,7,1,12.8,62.46,-114.44
"Yellowknife","YELLOWKNIFE A",1706,1970,7,1,17.8,62.46,-114.44
"Yellowknife","YELLOWKNIFE A",1706,1971,7,1,17,62.46,-114.44
"Yellowknife","YELLOWKNIFE A",1706,1972,7,1,9.7,62.46,-114.44
"Yellowknife","YELLOWKNIFE A",1706,1973,7,1,12,62.46,-114.44
"Yellowknife","YELLOWKNIFE A",1706,1974,7,1,8.6,62.46,-114.44
"Yellowknife","YELLOWKNIFE A",1706,1975,7,1,21.4,62.46,-114.44
"Yellowknife","YELLOWKNIFE A",1706,1976,7,1,20.3,62.46,-114.44
"Yellowknife","YELLOWKNIFE A",1706,1977,7,1,12,62.46,-114.44
"Yellowknife","YELLOWKNIFE A",1706,1978,7,1,15.6,62.46,-114.44
"Yellowknife","YELLOWKNIFE A",1706,1979,7,1,24.9,62.46,-114.44
"Yellowknife","YELLOWKNIFE A",1706,1980,7,1,16.8,62.46,-114.44
"Yellowknife","YELLOWKNIFE A",1706,1981,7,1,17.7,62.46,-114.44
"Yellowknife","YELLOWKNIFE A",1706,1982,7,1,18.5,62.46,-114.44
"Yellowknife","YELLOWKNIFE A",1706,1983,7,1,21.3,62.46,-114.44
"Yellowknife","YELLOWKNIFE A",1706,1984,7,1,13.6,62.46,-114.44
"Yellowknife","YELLOWKNIFE A",1706,1985,7,1,20.6,62.46,-114.44
"Yellowknife","YELLOWKNIFE A",1706,1986,7,1,16.7,62.46,-114.44
"Yellowknife","YELLOWKNIFE A",1706,1987,7,1,15.9,62.46,-114.44
"Yellowknife","YELLOWKNIFE A",1706,1988,7,1,16.3,62.46,-114.44
"Yellowknife","YELLOWKNIFE A",1706,1989,7,1,15.6,62.46,-114.44
"Yellowknife","YELLOWKNIFE A",1706,1990,7,1,12.7,62.46,-114.44
"Yellowknife","YELLOWKNIFE A",1706,1991,7,1,20.1,62.46,-114.44
"Yellowknife","YELLOWKNIFE A",1706,1992,7,1,15.4,62.46,-114.44
"Yellowknife","YELLOWKNIFE A",1706,1993,7,1,17.5,62.46,-114.44
"Yellowknife","YELLOWKNIFE A",1706,1994,7,1,18.2,62.46,-114.44
"Yellowknife","YELLOWKNIFE A",1706,1995,7,1,12.2,62.46,-114.44
"Yellowknife","YELLOWKNIFE A",1706,1996,7,1,18,62.46,-114.44
"Yellowknife","YELLOWKNIFE A",1706,1997,7,1,13.1,62.46,-114.44
"Yellowknife","YELLOWKNIFE A",1706,1998,7,1,16.6,62.46,-114.44
"Yellowknife","YELLOWKNIFE A",1706,1999,7,1,14.3,62.46,-114.44
"Yellowknife","YELLOWKNIFE A",1706,2000,7,1,19,62.46,-114.44
"Yellowknife","YELLOWKNIFE A",1706,2001,7,1,17,62.46,-114.44
"Yellowknife","YELLOWKNIFE A",1706,2002,7,1,18.2,62.46,-114.44
"Yellowknife","YELLOWKNIFE A",1706,2003,7,1,16.7,62.46,-114.44
"Yellowknife","YELLOWKNIFE A",1706,2004,7,1,15.4,62.46,-114.44
"Yellowknife","YELLOWKNIFE A",1706,2005,7,1,17.7,62.46,-114.44
"Yellowknife","YELLOWKNIFE A",1706,2006,7,1,15.8,62.46,-114.44
"Yellowknife","YELLOWKNIFE A",1706,2007,7,1,18.6,62.46,-114.44
"Yellowknife","YELLOWKNIFE A",1706,2008,7,1,15.7,62.46,-114.44
"Yellowknife","YELLOWKNIFE A",1706,2009,7,1,13.4,62.46,-114.44
"Yellowknife","YELLOWKNIFE A",1706,2010,7,1,12.7,62.46,-114.44
"Yellowknife","YELLOWKNIFE A",1706,2011,7,1,14.1,62.46,-114.44
"Yellowknife","YELLOWKNIFE A",1706,2012,7,1,18.4,62.46,-114.44
"Yellowknife","YELLOWKNIFE A",51058,2014,7,1,18.1,62.46,-114.44
"Yellowknife","YELLOWKNIFE A",51058,2015,7,1,20.4,62.46,-114.44
"Yellowknife","YELLOWKNIFE A",51058,2016,7,1,24.3,62.46,-114.44
"Yellowknife","YELLOWKNIFE A",51058,2017,7,1,17,62.46,-114.44
"Yellowknife","YELLOWKNIFE A",51058,2018,7,1,16.3,62.46,-114.44
"Yellowknife","YELLOWKNIFE A",51058,2019,7,1,9,62.46,-114.44
"Yellowknife","YELLOWKNIFE A",51058,2020,7,1,20.1,62.46,-114.44
"Yellowknife","YELLOWKNIFE A",51058,2021,7,1,19.4,62.46,-114.44
"Yellowknife","YELLOWKNIFE A",51058,2022,7,1,15.7,62.46,-114.44
"Yellowknife","YELLOWKNIFE A",51058,2023,7,1,17.1,62.46,-114.44
"Yellowknife","YELLOWKNIFE A",51058,2024,7,1,22.1,62.46,-114.44
"Whitehorse","WHITEHORSE A",1617,1949,7,1,10.9,60.71,-135.07
"Whitehorse","WHITEHORSE A",1617,1950,7,1,13.4,60.71,-135.07
"Whitehorse","WHITEHORSE A",1617,1951,7,1,16.4,60.71,-135.07
"Whitehorse","WHITEHORSE A",1617,1952,7,1,12.3,60.71,-135.07
"Whitehorse","WHITEHORSE A",1617,1953,7,1,9.2,60.71,-135.07
"Whitehorse","WHITEHORSE A",1617,1954,7,1,13.9,60.71,-135.07
"Whitehorse","WHITEHORSE A",1617,1955,7,1,11.7,60.71,-135.07
"Whitehorse","WHITEHORSE A",1617,1956,7,1,17.5,60.71,-135.07
"Whitehorse","WHITEHORSE A",1617,1957,7,1,14.8,60.71,-135.07
"Whitehorse","WHITEHORSE A",1617,1958,7,1,17.8,60.71,-135.07
"Whitehorse","WHITEHORSE A",1617,1959,7,1,14.2,60.71,-135.07
"Whitehorse","WHITEHORSE A",1617,1960,7,1,10.6,60.71,-135.07
"Whitehorse","WHITEHORSE A",1617,1961,7,1,14.5,60.71,-135.07
"Whitehorse","WHITEHORSE A",1617,1962,7,1,9.2,60.71,-135.07
"Whitehorse","WHITEHORSE A",1617,1963,7,1,17.2,60.71,-135.07
"Whitehorse","WHITEHORSE A",1617,1964,7,1,10.3,60.71,-135.07
"Whitehorse","WHITEHORSE A",1617,1965,7,1,12.5,60.71,-135.07
"Whitehorse","WHITEHORSE A",1617,1966,7,1,14.5,60.71,-135.07
"Whitehorse","WHITEHORSE A",1617,1967,7,1,10.9,60.71,-135.07
"Whitehorse","WHITEHORSE A",1617,1968,7,1,15.9,60.71,-135.07
"Whitehorse","WHITEHORSE A",1617,1969,7,1,12.3,60.71,-135.07
"Whitehorse","WHITEHORSE A",1617,1970,7,1,14.5,60.71,-135.07
"Whitehorse","WHITEHORSE A",1617,1971,7,1,11.2,60.71,-135.07
"Whitehorse","WHITEHORSE A",1617,1972,7,1,12.5,60.71,-135.07
"Whitehorse","WHITEHORSE A",1617,1973,7,1,11.2,60.71,-135.07
"Whitehorse","WHITEHORSE A",1617,1974,7,1,9.2,60.71,-135.07
"Whitehorse","WHITEHORSE A",1617,1975,7,1,13.9,60.71,-135.07
"Whitehorse","WHITEHORSE A",1617,1976,7,1,13.4,60.71,-135.07
"Whitehorse","WHITEHORSE A",1617,1977,7,1,9.3,60.71,-135.07
"Whitehorse","WHITEHORSE A",1617,1978,7,1,11,60.71,-135.07
"Whitehorse","WHITEHORSE A",1617,1979,7,1,14.1,60.71,-135.07
"Whitehorse","WHITEHORSE A",1617,1980,7,1,11.6,60.71,-135.07
"Whitehorse","WHITEHORSE A",1617,1981,7,1,9.7,60.71,-135.07
"Whitehorse","WHITEHORSE A",1617,1982,7,1,16.6,60.71,-135.07
"Whitehorse","WHITEHORSE A",1617,1983,7,1,15.4,60.71,-135.07
"Whitehorse","WHITEHORSE A",1617,1984,7,1,9.8,60.71,-135.07
"Whitehorse","WHITEHORSE A",1617,1985,7,1,16.4,60.71,-135.07
"Whitehorse","WHITEHORSE A",1617,1986,7,1,12.9,60.71,-135.07
"Whitehorse","WHITEHORSE A",1617,1987,7,1,18.8,60.71,-135.07
"Whitehorse","WHITEHORSE A",1617,1988,7,1,9.8,60.71,-135.07
"Whitehorse","WHITEHORSE A",1617,1989,7,1,14.2,60.71,-135.07
"Whitehorse","WHITEHORSE A",1617,1990,7,1,16.1,60.71,-135.07
"Whitehorse","WHITEHORSE A",1617,1991,7,1,15,60.71,-135.07
"Whitehorse","WHITEHORSE A",1617,1992,7,1,20.4,60.71,-135.07
"Whitehorse","WHITEHORSE A",1617,1993,7,1,13.5,60.71,-135.07
"Whitehorse","WHITEHORSE A",1617,1994,7,1,14.7,60.71,-135.07
"Whitehorse","WHITEHORSE A",1617,1995,7,1,15.6,60.71,-135.07
"Whitehorse","WHITEHORSE A",1617,1998,7,1,21.9,60.71,-135.07
"Whitehorse","WHITEHORSE A",1617,1999,7,1,14.4,60.71,-135.07
"Whitehorse","WHITEHORSE A",1617,2000,7,1,10.6,60.71,-135.07
"Whitehorse","WHITEHORSE A",1617,2001,7,1,14.4,60.71,-135.07
"Whitehorse","WHITEHORSE A",1617,2002,7,1,14.7,60.71,-135.07
"Whitehorse","WHITEHORSE A",1617,2003,7,1,16.2,60.71,-135.07
"Whitehorse","WHITEHORSE A",1617,2004,7,1,15.8,60.71,-135.07
"Whitehorse","WHITEHORSE A",1617,2005,7,1,16.5,60.71,-135.07
"Whitehorse","WHITEHORSE A",1617,2006,7,1,13.6,60.71,-135.07
"Whitehorse","WHITEHORSE A",1617,2007,7,1,11.8,60.71,-135.07
"Whitehorse","WHITEHORSE A",1617,2008,7,1,15.2,60.71,-135.07
"Whitehorse","WHITEHORSE A",1617,2009,7,1,15.2,60.71,-135.07
"Whitehorse","WHITEHORSE A",1617,2010,7,1,10.2,60.71,-135.07
"Whitehorse","WHITEHORSE A",1617,2011,7,1,12.4,60.71,-135.07
"Whitehorse","WHITEHORSE A",1617,2012,7,1,7.9,60.71,-135.07
"Whitehorse","WHITEHORSE A",50842,2013,7,1,16.4,60.71,-135.07
"Whitehorse","WHITEHORSE A",50842,2014,7,1,14.3,60.71,-135.07
"Whitehorse","WHITEHORSE A",50842,2015,7,1,13.3,60.71,-135.07
"Whitehorse","WHITEHORSE A",50842,2016,7,1,11.9,60.71,-135.07
"Whitehorse","WHITEHORSE A",50842,2017,7,1,11.8,60.71,-135.07
"Whitehorse","WHITEHORSE A",50842,2018,7,1,11.6,60.71,-135.07
"Whitehorse","WHITEHORSE A",50842,2019,7,1,20.9,60.71,-135.07
"Whitehorse","WHITEHORSE A",50842,2020,7,1,15.3,60.71,-135.07
"Whitehorse","WHITEHORSE A",50842,2021,7,1,18.6,60.71,-135.07
"Whitehorse","WHITEHORSE A",50842,2022,7,1,18.8,60.71,-135.07
"Whitehorse","WHITEHORSE A",50842,2023,7,1,10.5,60.71,-135.07
"Regina","REGINA INT'L A",3002,1949,7,1,18.7,50.43,-104.67
"Regina","REGINA INT'L A",3002,1950,7,1,17,50.43,-104.67
"Regina","REGINA INT'L A",3002,1951,7,1,14.2,50.43,-104.67
"Regina","REGINA INT'L A",3002,1952,7,1,17.5,50.43,-104.67
"Regina","REGINA INT'L A",3002,1953,7,1,17.2,50.43,-104.67
"Regina","REGINA INT'L A",3002,1954,7,1,10.6,50.43,-104.67
"Regina","REGINA INT'L A",3002,1955,7,1,15.6,50.43,-104.67
"Regina","REGINA INT'L A",3002,1956,7,1,14.7,50.43,-104.67
"Regina","REGINA INT'L A",3002,1957,7,1,19.8,50.43,-104.67
"Regina","REGINA INT'L A",3002,1958,7,1,21.4,50.43,-104.67
"Regina","REGINA INT'L A",3002,1959,7,1,17.2,50.43,-104.67
"Regina","REGINA INT'L A",3002,1960,7,1,18.9,50.43,-104.67
"Regina","REGINA INT'L A",3002,1961,7,1,15.3,50.43,-104.67
"Regina","REGINA INT'L A",3002,1962,7,1,19.5,50.43,-104.67
"Regina","REGINA INT'L A",3002,1963,7,1,15.9,50.43,-104.67
"Regina","REGINA INT'L A",3002,1964,7,1,17.3,50.43,-104.67
"Regina","REGINA INT'L A",3002,1965,7,1,16.4,50.43,-104.67
"Regina","REGINA INT'L A",3002,1966,7,1,18.1,50.43,-104.67
"Regina","REGINA INT'L A",3002,1967,7,1,11.2,50.43,-104.67
"Regina","REGINA INT'L A",3002,1968,7,1,12,50.43,-104.67
"Regina","REGINA INT'L A",3002,1969,7,1,12.8,50.43,-104.67
"Regina","REGINA INT'L A",3002,1970,7,1,13.1,50.43,-104.67
"Regina","REGINA INT'L A",3002,1971,7,1,15.6,50.43,-104.67
"Regina","REGINA INT'L A",3002,1972,7,1,12.2,50.43,-104.67
"Regina","REGINA INT'L A",3002,1973,7,1,15,50.43,-104.67
"Regina","REGINA INT'L A",3002,1974,7,1,18.1,50.43,-104.67
"Regina","REGINA INT'L A",3002,1975,7,1,21.4,50.43,-104.67
"Regina","REGINA INT'L A",3002,1976,7,1,20.6,50.43,-104.67
"Regina","REGINA INT'L A",3002,1977,7,1,15.9,50.43,-104.67
"Regina","REGINA INT'L A",3002,1978,7,1,23.1,50.43,-104.67
"Regina","REGINA INT'L A",3002,1979,7,1,21.4,50.43,-104.67
"Regina","REGINA INT'L A",3002,1980,7,1,14,50.43,-104.67
"Regina","REGINA INT'L A",3002,1981,7,1,22.1,50.43,-104.67
"Regina","REGINA INT'L A",3002,1982,7,1,21.3,50.43,-104.67
"Regina","REGINA INT'L A",3002,1983,7,1,18.3,50.43,-104.67
"Regina","REGINA INT'L A",3002,1984,7,1,15.9,50.43,-104.67
"Regina","REGINA INT'L A",3002,1985,7,1,17.6,50.43,-104.67
"Regina","REGINA INT'L A",3002,1986,7,1,17,50.43,-104.67
"Regina","REGINA INT'L A",3002,1987,7,1,14.8,50.43,-104.67
"Regina","REGINA INT'L A",3002,1988,7,1,19.6,50.43,-104.67
"Regina","REGINA INT'L A",3002,1989,7,1,24.4,50.43,-104.67
"Regina","REGINA INT'L A",3002,1990,7,1,24,50.43,-104.67
"Regina","REGINA INT'L A",3002,1991,7,1,15.2,50.43,-104.67
"Regina","REGINA INT'L A",3002,1992,7,1,10.7,50.43,-104.67
"Regina","REGINA INT'L A",3002,1993,7,1,15.1,50.43,-104.67
"Regina","REGINA INT'L A",3002,1994,7,1,14.8,50.43,-104.67
"Regina","REGINA INT'L A",3002,1995,7,1,16.7,50.43,-104.67
"Regina","REGINA INT'L A",3002,1996,7,1,19,50.43,-104.67
"Regina","REGINA INT'L A",3002,1997,7,1,11.7,50.43,-104.67
"Regina","REGINA INT'L A",3002,1998,7,1,20.2,50.43,-104.67
"Regina","REGINA INT'L A",3002,1999,7,1,14.2,50.43,-104.67
"Regina","REGINA RCS",28011,2000,7,1,19.4,50.43,-104.67
"Regina","REGINA RCS",28011,2001,7,1,14.2,50.43,-104.67
"Regina","REGINA RCS",28011,2002,7,1,16.5,50.43,-104.67
"Regina","REGINA RCS",28011,2003,7,1,23.8,50.43,-104.67
"Regina","REGINA RCS",28011,2004,7,1,16.3,50.43,-104.67
"Regina","REGINA RCS",28011,2005,7,1,19.7,50.43,-104.67
"Regina","REGINA RCS",28011,2006,7,1,17.9,50.43,-104.67
"Regina","REGINA RCS",28011,2007,7,1,20.3,50.43,-104.67
"Regina","REGINA RCS",28011,2008,7,1,21.4,50.43,-104.67
"Regina","REGINA RCS",28011,2009,7,1,18.3,50.43,-104.67
"Regina","REGINA RCS",28011,2010,7,1,23.1,50.43,-104.67
"Regina","REGINA RCS",28011,2011,7,1,16.2,50.43,-104.67
"Regina","REGINA RCS",28011,2012,7,1,20.6,50.43,-104.67
"Regina","REGINA RCS",28011,2013,7,1,23,50.43,-104.67
"Regina","REGINA RCS",28011,2014,7,1,15.9,50.43,-104.67
"Regina","REGINA RCS",28011,2015,7,1,17,50.43,-104.67
"Regina","REGINA RCS",28011,2016,7,1,16.8,50.43,-104.67
"Regina","REGINA RCS",28011,2017,7,1,17.5,50.43,-104.67
"Regina","REGINA RCS",28011,2019,7,1,18.2,50.43,-104.67
"Regina","REGINA RCS",28011,2020,7,1,19.2,50.43,-104.67
"Regina","REGINA RCS",28011,2021,7,1,25,50.43,-104.67
"Regina","REGINA RCS",28011,2022,7,1,16.2,50.43,-104.67
"Regina","REGINA RCS",28011,2023,7,1,24.9,50.43,-104.67
"Regina","REGINA RCS",28011,2024,7,1,18,50.43,-104.67
"St. John's","ST JOHN'S A",6720,1949,7,1,12,47.62,-52.74
"St. John's","ST JOHN'S A",6720,1950,7,1,18.1,47.62,-52.74
"St. John's","ST JOHN'S A",6720,1951,7,1,11.1,47.62,-52.74
"St. John's","ST JOHN'S A",6720,1952,7,1,11.4,47.62,-52.74
"St. John's","ST JOHN'S A",6720,1953,7,1,15,47.62,-52.74
"St. John's","ST JOHN'S A",6720,1954,7,1,22.8,47.62,-52.74
"St. John's","ST JOHN'S A",6720,1955,7,1,18.1,47.62,-52.74
"St. John's","ST JOHN'S A",6720,1956,7,1,15.6,47.62,-52.74
"St. John's","ST JOHN'S A",6720,1957,7,1,22,47.62,-52.74
"St. John's","ST JOHN'S A",6720,1958,7,1,12.8,47.62,-52.74
"St. John's","ST JOHN'S A",6720,1959,7,1,8.6,47.62,-52.74
"St. John's","ST JOHN'S A",6720,1960,7,1,19.5,47.62,-52.74
"St. John's","ST JOHN'S A",6720,1961,7,1,14.7,47.62,-52.74
"St. John's","ST JOHN'S A",6720,1962,7,1,16.1,47.62,-52.74
"St. John's","ST JOHN'S A",6720,1963,7,1,8.1,47.62,-52.74
"St. John's","ST JOHN'S A",6720,1964,7,1,7,47.62,-52.74
"St. John's","ST JOHN'S A",6720,1965,7,1,10,47.62,-52.74
"St. John's","ST JOHN'S A",6720,1966,7,1,16.1,47.62,-52.74
"St. John's","ST JOHN'S A",6720,1967,7,1,12.5,47.62,-52.74
"St. John's","ST JOHN'S A",6720,1968,7,1,14.5,47.62,-52.74
"St. John's","ST JOHN'S A",6720,1969,7,1,10.6,47.62,-52.74
"St. John's","ST JOHN'S A",6720,1970,7,1,14.7,47.62,-52.74
"St. John's","ST JOHN'S A",6720,1971,7,1,13.4,47.62,-52.74
"St. John's","ST JOHN'S A",6720,1972,7,1,16.4,47.62,-52.74
"St. John's","ST JOHN'S A",6720,1973,7,1,20.3,47.62,-52.74
"St. John's","ST JOHN'S A",6720,1974,7,1,17,47.62,-52.74
"St. John's","ST JOHN'S A",6720,1975,7,1,8.1,47.62,-52.74
"St. John's","ST JOHN'S A",6720,1976,7,1,7.8,47.62,-52.74
"St. John's","ST JOHN'S A",6720,1977,7,1,16.1,47.62,-52.74
"St. John's","ST JOHN'S A",6720,1978,7,1,10,47.62,-52.74
"St. John's","ST JOHN'S A",6720,1979,7,1,15.5,47.62,-52.74
"St. John's","ST JOHN'S A",6720,1980,7,1,11.3,47.62,-52.74
"St. John's","ST JOHN'S A",6720,1981,7,1,15.5,47.62,-52.74
"St. John's","ST JOHN'S A",6720,1982,7,1,16.2,47.62,-52.74
"St. John's","ST JOHN'S A",6720,1983,7,1,19,47.62,-52.74
"St. John's","ST JOHN'S A",6720,1984,7,1,14.4,47.62,-52.74
"St. John's","ST JOHN'S A",6720,1985,7,1,12.9,47.62,-52.74
"St. John's","ST JOHN'S A",6720,1986,7,1,13.6,47.62,-52.74
"St. John's","ST JOHN'S A",6720,1987,7,1,16,47.62,-52.74
"St. John's","ST JOHN'S A",6720,1988,7,1,11.6,47.62,-52.74
"St. John's","ST JOHN'S A",6720,1989,7,1,9.9,47.62,-52.74
"St. John's","ST JOHN'S A",6720,1990,7,1,11.6,47.62,-52.74
"St. John's","ST JOHN'S A",6720,1991,7,1,11,47.62,-52.74
"St. John's","ST JOHN'S A",6720,1992,7,1,10.2,47.62,-52.74
"St. John's","ST JOHN'S A",6720,1993,7,1,9.5,47.62,-52.74
"St. John's","ST JOHN'S A",6720,1994,7,1,20.3,47.62,-52.74
"St. John's","ST JOHN'S A",6720,1995,7,1,11.9,47.62,-52.74
"St. John's","ST JOHN'S A",6720,1996,7,1,16.7,47.62,-52.74
"St. John's","ST JOHN'S A",6720,1997,7,1,11.6,47.62,-52.74
"St. John's","ST JOHN'S A",6720,1998,7,1,15.2,47.62,-52.74
"St. John's","ST JOHN'S A",6720,1999,7,1,19.3,47.62,-52.74
"St. John's","ST JOHN'S A",6720,2000,7,1,16.5,47.62,-52.74
"St. John's","ST JOHN'S A",6720,2001,7,1,11.5,47.62,-52.74
"St. John's","ST JOHN'S A",6720,2002,7,1,18.7,47.62,-52.74
"St. John's","ST JOHN'S A",6720,2003,7,1,8.4,47.62,-52.74
"St. John's","ST JOHN'S A",6720,2004,7,1,12.6,47.62,-52.74
"St. John's","ST JOHN'S A",6720,2005,7,1,14.8,47.62,-52.74
"St. John's","ST JOHN'S A",6720,2006,7,1,19.6,47.62,-52.74
"St. John's","ST JOHN'S A",6720,2007,7,1,12.6,47.62,-52.74
"St. John's","ST JOHN'S A",6720,2008,7,1,16.9,47.62,-52.74
"St. John's","ST JOHN'S A",6720,2009,7,1,10.1,47.62,-52.74
"St. John's","ST JOHN'S A",6720,2010,7,1,12.3,47.62,-52.74
"St. John's","ST JOHNS WEST CLIMATE",48871,2011,7,1,14.4,47.51,-52.78
"St. John's","ST JOHNS WEST CLIMATE",48871,2012,7,1,21.8,47.51,-52.78
"St. John's","ST JOHNS WEST CLIMATE",48871,2013,7,1,19.4,47.51,-52.78
"St. John's","ST JOHNS WEST CLIMATE",48871,2014,7,1,17.6,47.51,-52.78
"St. John's","ST JOHNS WEST CLIMATE",48871,2015,7,1,14.5,47.51,-52.78
"St. John's","ST JOHNS WEST CLIMATE",48871,2016,7,1,19.5,47.51,-52.78
"St. John's","ST JOHNS WEST CLIMATE",48871,2017,7,1,10.8,47.51,-52.78
"St. John's","ST JOHNS WEST CLIMATE",48871,2018,7,1,10.4,47.51,-52.78
"St. John's","ST JOHNS WEST CLIMATE",48871,2019,7,1,11.3,47.51,-52.78
"St. John's","ST JOHNS WEST CLIMATE",48871,2020,7,1,22.1,47.51,-52.78
"St. John's","ST JOHNS WEST CLIMATE",48871,2021,7,1,9.5,47.51,-52.78
"St. John's","ST JOHNS WEST CLIMATE",48871,2022,7,1,16.7,47.51,-52.78
"St. John's","ST JOHNS WEST CLIMATE",48871,2023,7,1,18.7,47.51,-52.78
"St. John's","ST JOHNS WEST CLIMATE",48871,2024,7,1,17.9,47.51,-52.78
"Quebec City","QUEBEC/JEAN LESAGE INTL A",5251,1949,7,1,24.5,46.8,-71.38
"Quebec City","QUEBEC/JEAN LESAGE INTL A",5251,1950,7,1,17.5,46.8,-71.38
"Quebec City","QUEBEC/JEAN LESAGE INTL A",5251,1951,7,1,15.3,46.8,-71.38
"Quebec City","QUEBEC/JEAN LESAGE INTL A",5251,1952,7,1,17.8,46.8,-71.38
"Quebec City","QUEBEC/JEAN LESAGE INTL A",5251,1953,7,1,18.6,46.8,-71.38
"Quebec City","QUEBEC/JEAN LESAGE INTL A",5251,1954,7,1,19.8,46.8,-71.38
"Quebec City","QUEBEC/JEAN LESAGE INTL A",5251,1955,7,1,25,46.8,-71.38
"Quebec City","QUEBEC/JEAN LESAGE INTL A",5251,1956,7,1,17,46.8,-71.38
"Quebec City","QUEBEC/JEAN LESAGE INTL A",5251,1957,7,1,12.5,46.8,-71.38
"Quebec City","QUEBEC/JEAN LESAGE INTL A",5251,1958,7,1,17,46.8,-71.38
"Quebec City","QUEBEC/JEAN LESAGE INTL A",5251,1959,7,1,12.8,46.8,-71.38
"Quebec City","QUEBEC/JEAN LESAGE INTL A",5251,1960,7,1,17,46.8,-71.38
"Quebec City","QUEBEC/JEAN LESAGE INTL A",5251,1961,7,1,14.7,46.8,-71.38
"Quebec City","QUEBEC/JEAN LESAGE INTL A",5251,1962,7,1,14.2,46.8,-71.38
"Quebec City","QUEBEC/JEAN LESAGE INTL A",5251,1963,7,1,20.6,46.8,-71.38
"Quebec City","QUEBEC/JEAN LESAGE INTL A",5251,1964,7,1,21.7,46.8,-71.38
"Quebec City","QUEBEC/JEAN LESAGE INTL A",5251,1965,7,1,15.3,46.8,-71.38
"Quebec City","QUEBEC/JEAN LESAGE INTL A",5251,1966,7,1,18.4,46.8,-71.38
"Quebec City","QUEBEC/JEAN LESAGE INTL A",5251,1967,7,1,20.9,46.8,-71.38
"Quebec City","QUEBEC/JEAN LESAGE INTL A",5251,1968,7,1,17.5,46.8,-71.38
"Quebec City","QUEBEC/JEAN LESAGE INTL A",5251,1969,7,1,16.7,46.8,-71.38
"Quebec City","QUEBEC/JEAN LESAGE INTL A",5251,1970,7,1,16.4,46.8,-71.38
"Quebec City","QUEBEC/JEAN LESAGE INTL A",5251,1971,7,1,20,46.8,-71.38
"Quebec City","QUEBEC/JEAN LESAGE INTL A",5251,1972,7,1,18.4,46.8,-71.38
"Quebec City","QUEBEC/JEAN LESAGE INTL A",5251,1973,7,1,22.3,46.8,-71.38
"Quebec City","QUEBEC/JEAN LESAGE INTL A",5251,1974,7,1,18.3,46.8,-71.38
"Quebec City","QUEBEC/JEAN LESAGE INTL A",5251,1975,7,1,21.4,46.8,-71.38
"Quebec City","QUEBEC/JEAN LESAGE INTL A",5251,1976,7,1,13.7,46.8,-71.38
"Quebec City","QUEBEC/JEAN LESAGE INTL A",5251,1977,7,1,19.6,46.8,-71.38
"Quebec City","QUEBEC/JEAN LESAGE INTL A",5251,1978,7,1,12.5,46.8,-71.38
"Quebec City","QUEBEC/JEAN LESAGE INTL A",5251,1979,7,1,19,46.8,-71.38
"Quebec City","QUEBEC/JEAN LESAGE INTL A",5251,1980,7,1,17.4,46.8,-71.38
"Quebec City","QUEBEC/JEAN LESAGE INTL A",5251,1981,7,1,17.7,46.8,-71.38
"Quebec City","QUEBEC/JEAN LESAGE INTL A",5251,1982,7,1,12.4,46.8,-71.38
"Quebec City","QUEBEC/JEAN LESAGE INTL A",5251,1983,7,1,22.1,46.8,-71.38
"Quebec City","QUEBEC/JEAN LESAGE INTL A",5251,1984,7,1,21.4,46.8,-71.38
"Quebec City","QUEBEC/JEAN LESAGE INTL A",5251,1985,7,1,20.6,46.8,-71.38
"Quebec City","QUEBEC/JEAN LESAGE INTL A",5251,1986,7,1,16.2,46.8,-71.38
"Quebec City","QUEBEC/JEAN LESAGE INTL A",5251,1987,7,1,17.5,46.8,-71.38
"Quebec City","QUEBEC/JEAN LESAGE INTL A",5251,1988,7,1,12.1,46.8,-71.38
"Quebec City","QUEBEC/JEAN LESAGE INTL A",5251,1989,7,1,13.6,46.8,-71.38
"Quebec City","QUEBEC/JEAN LESAGE INTL A",5251,1990,7,1,15.4,46.8,-71.38
"Quebec City","QUEBEC/JEAN LESAGE INTL A",5251,1991,7,1,13.4,46.8,-71.38
"Quebec City","QUEBEC/JEAN LESAGE INTL A",5251,1992,7,1,12.5,46.8,-71.38
"Quebec City","QUEBEC/JEAN LESAGE INTL",26892,1993,7,1,18,46.8,-71.38
"Quebec City","QUEBEC/JEAN LESAGE INTL",26892,1996,7,1,22.2,46.8,-71.38
"Quebec City","QUEBEC/JEAN LESAGE INTL",26892,1997,7,1,23.8,46.8,-71.38
"Quebec City","QUEBEC/JEAN LESAGE INTL",26892,1998,7,1,13.9,46.8,-71.38
"Quebec City","QUEBEC/JEAN LESAGE INTL",26892,1999,7,1,20.5,46.8,-71.38
"Quebec City","QUEBEC/JEAN LESAGE INTL",26892,2000,7,1,18.5,46.8,-71.38
"Quebec City","QUEBEC/JEAN LESAGE INTL",26892,2001,7,1,15.8,46.8,-71.38
"Quebec City","QUEBEC/JEAN LESAGE INTL",26892,2002,7,1,24.5,46.8,-71.38
"Quebec City","QUEBEC/JEAN LESAGE INTL",26892,2003,7,1,18,46.8,-71.38
"Quebec City","QUEBEC/JEAN LESAGE INTL",26892,2004,7,1,18.4,46.8,-71.38
"Quebec City","QUEBEC/JEAN LESAGE INTL",26892,2005,7,1,24.9,46.8,-71.38
"Quebec City","QUEBEC/JEAN LESAGE INTL",26892,2006,7,1,17.8,46.8,-71.38
"Quebec City","QUEBEC/JEAN LESAGE INTL",26892,2007,7,1,13.7,46.8,-71.38
"Quebec City","QUEBEC/JEAN LESAGE INTL",26892,2008,7,1,19.9,46.8,-71.38
"Quebec City","QUEBEC/JEAN LESAGE INTL",26892,2009,7,1,17.6,46.8,-71.38
"Quebec City","QUEBEC/JEAN LESAGE INTL",26892,2010,7,1,13,46.8,-71.38
"Quebec City","QUEBEC/JEAN LESAGE INTL",26892,2011,7,1,18.6,46.8,-71.38
"Quebec City","QUEBEC/JEAN LESAGE INTL",26892,2012,7,1,18.3,46.8,-71.38
"Quebec City","QUEBEC/JEAN LESAGE INTL",26892,2013,7,1,17.9,46.8,-71.38
"Quebec City","QUEBEC/JEAN LESAGE INTL",26892,2014,7,1,24.8,46.8,-71.38
"Quebec City","QUEBEC/JEAN LESAGE INTL",26892,2015,7,1,16.7,46.8,-71.38
"Quebec City","QUEBEC/JEAN LESAGE INTL",26892,2016,7,1,19.3,46.8,-71.38
"Quebec City","QUEBEC/JEAN LESAGE INTL",26892,2017,7,1,16.4,46.8,-71.38
"Quebec City","QUEBEC/JEAN LESAGE INTL",26892,2018,7,1,19,46.8,-71.38
"Quebec City","QUEBEC/JEAN LESAGE INTL",26892,2019,7,1,17.4,46.8,-71.38
"Quebec City","QUEBEC/JEAN LESAGE INTL",26892,2020,7,1,21.5,46.8,-71.38
"Quebec City","QUEBEC/JEAN LESAGE INTL",26892,2022,7,1,19.9,46.8,-71.38
"Quebec City","QUEBEC/JEAN LESAGE INTL",26892,2023,7,1,21.5,46.8,-71.38
"Quebec City","QUEBEC/JEAN LESAGE INTL",26892,2024,7,1,19.2,46.8,-71.38
"Charlottetown","CHARLOTTETOWN A",6526,1949,7,1,20,46.29,-63.13
"Charlottetown","CHARLOTTETOWN A",6526,1950,7,1,16.4,46.29,-63.13
"Charlottetown","CHARLOTTETOWN A",6526,1951,7,1,15.3,46.29,-63.13
"Charlottetown","CHARLOTTETOWN A",6526,1952,7,1,15,46.29,-63.13
"Charlottetown","CHARLOTTETOWN A",6526,1953,7,1,17.8,46.29,-63.13
"Charlottetown","CHARLOTTETOWN A",6526,1954,7,1,18.9,46.29,-63.13
"Charlottetown","CHARLOTTETOWN A",6526,1955,7,1,23.1,46.29,-63.13
"Charlottetown","CHARLOTTETOWN A",6526,1956,7,1,17,46.29,-63.13
"Charlottetown","CHARLOTTETOWN A",6526,1957,7,1,19.5,46.29,-63.13
"Charlottetown","CHARLOTTETOWN A",6526,1958,7,1,18.4,46.29,-63.13
"Charlottetown","CHARLOTTETOWN A",6526,1959,7,1,15.3,46.29,-63.13
"Charlottetown","CHARLOTTETOWN A",6526,1960,7,1,20.3,46.29,-63.13
"Charlottetown","CHARLOTTETOWN A",6526,1961,7,1,13.1,46.29,-63.13
"Charlottetown","CHARLOTTETOWN A",6526,1962,7,1,16.9,46.29,-63.13
"Charlottetown","CHARLOTTETOWN A",6526,1963,7,1,15.6,46.29,-63.13
"Charlottetown","CHARLOTTETOWN A",6526,1964,7,1,14.2,46.29,-63.13
"Charlottetown","CHARLOTTETOWN A",6526,1965,7,1,13.7,46.29,-63.13
"Charlottetown","CHARLOTTETOWN A",6526,1966,7,1,13.4,46.29,-63.13
"Charlottetown","CHARLOTTETOWN A",6526,1967,7,1,16.7,46.29,-63.13
"Charlottetown","CHARLOTTETOWN A",6526,1968,7,1,18.4,46.29,-63.13
"Charlottetown","CHARLOTTETOWN A",6526,1969,7,1,18.6,46.29,-63.13
"Charlottetown","CHARLOTTETOWN A",6526,1970,7,1,10.3,46.29,-63.13
"Charlottetown","CHARLOTTETOWN A",6526,1971,7,1,22.5,46.29,-63.13
"Charlottetown","CHARLOTTETOWN A",6526,1972,7,1,17.8,46.29,-63.13
"Charlottetown","CHARLOTTETOWN A",6526,1973,7,1,22.8,46.29,-63.13
"Charlottetown","CHARLOTTETOWN A",6526,1974,7,1,18.4,46.29,-63.13
"Charlottetown","CHARLOTTETOWN A",6526,1975,7,1,15.9,46.29,-63.13
"Charlottetown","CHARLOTTETOWN A",6526,1976,7,1,13.3,46.29,-63.13
"Charlottetown","CHARLOTTETOWN A",6526,1977,7,1,20.4,46.29,-63.13
"Charlottetown","CHARLOTTETOWN A",6526,1978,7,1,13.1,46.29,-63.13
"Charlottetown","CHARLOTTETOWN A",6526,1979,7,1,18.5,46.29,-63.13
"Charlottetown","CHARLOTTETOWN A",6526,1980,7,1,12.2,46.29,-63.13
"Charlottetown","CHARLOTTETOWN A",6526,1981,7,1,18.6,46.29,-63.13
"Charlottetown","CHARLOTTETOWN A",6526,1982,7,1,14.1,46.29,-63.13
"Charlottetown","CHARLOTTETOWN A",6526,1983,7,1,19.2,46.29,-63.13
"Charlottetown","CHARLOTTETOWN A",6526,1984,7,1,20.4,46.29,-63.13
"Charlottetown","CHARLOTTETOWN A",6526,1985,7,1,19.8,46.29,-63.13
"Charlottetown","CHARLOTTETOWN A",6526,1986,7,1,14.4,46.29,-63.13
"Charlottetown","CHARLOTTETOWN A",6526,1987,7,1,18.2,46.29,-63.13
"Charlottetown","CHARLOTTETOWN A",6526,1988,7,1,13.7,46.29,-63.13
"Charlottetown","CHARLOTTETOWN A",6526,1989,7,1,12.7,46.29,-63.13
"Charlottetown","CHARLOTTETOWN A",6526,1990,7,1,14.5,46.29,-63.13
"Charlottetown","CHARLOTTETOWN A",6526,1991,7,1,14.5,46.29,-63.13
"Charlottetown","CHARLOTTETOWN A",6526,1992,7,1,14.1,46.29,-63.13
"Charlottetown","CHARLOTTETOWN A",6526,1993,7,1,15.3,46.29,-63.13
"Charlottetown","CHARLOTTETOWN A",6526,1994,7,1,22.2,46.29,-63.13
"Charlottetown","CHARLOTTETOWN A",6526,1995,7,1,14.7,46.29,-63.13
"Charlottetown","CHARLOTTETOWN A",6526,1996,7,1,18.1,46.29,-63.13
"Charlottetown","CHARLOTTETOWN A",6526,1997,7,1,22.5,46.29,-63.13
"Charlottetown","CHARLOTTETOWN A",6526,1998,7,1,19.1,46.29,-63.13
"Charlottetown","CHARLOTTETOWN A",6526,1999,7,1,19.4,46.29,-63.13
"Charlottetown","CHARLOTTETOWN A",6526,2000,7,1,17.6,46.29,-63.13
"Charlottetown","CHARLOTTETOWN A",6526,2001,7,1,18,46.29,-63.13
"Charlottetown","CHARLOTTETOWN A",6526,2002,7,1,18.8,46.29,-63.13
"Charlottetown","CHARLOTTETOWN A",6526,2003,7,1,18.9,46.29,-63.13
"Charlottetown","CHARLOTTETOWN A",6526,2004,7,1,17.7,46.29,-63.13
"Charlottetown","CHARLOTTETOWN A",6526,2005,7,1,16.4,46.29,-63.13
"Charlottetown","CHARLOTTETOWN A",6526,2006,7,1,18.2,46.29,-63.13
"Charlottetown","CHARLOTTETOWN A",6526,2007,7,1,14.5,46.29,-63.13
"Charlottetown","CHARLOTTETOWN A",6526,2008,7,1,22.3,46.29,-63.13
"Charlottetown","CHARLOTTETOWN A",6526,2009,7,1,16,46.29,-63.13
"Charlottetown","CHARLOTTETOWN A",6526,2010,7,1,15.7,46.29,-63.13
"Charlottetown","CHARLOTTETOWN A",6526,2011,7,1,16.5,46.29,-63.13
"Charlottetown","CHARLOTTETOWN A",6526,2012,7,1,21.9,46.29,-63.13
"Charlottetown","CHARLOTTETOWN A",50621,2013,7,1,19.8,46.29,-63.12
"Charlottetown","CHARLOTTETOWN A",50621,2014,7,1,22.7,46.29,-63.12
"Charlottetown","CHARLOTTETOWN A",50621,2015,7,1,19.5,46.29,-63.12
"Charlottetown","CHARLOTTETOWN A",50621,2016,7,1,21.6,46.29,-63.12
"Charlottetown","CHARLOTTETOWN A",50621,2017,7,1,16.6,46.29,-63.12
"Charlottetown","CHARLOTTETOWN A",50621,2018,7,1,15.9,46.29,-63.12
"Charlottetown","CHARLOTTETOWN A",50621,2019,7,1,12.8,46.29,-63.12
"Charlottetown","CHARLOTTETOWN A",50621,2020,7,1,20.7,46.29,-63.12
"Charlottetown","CHARLOTTETOWN A",50621,2021,7,1,16.5,46.29,-63.12
"Charlottetown","CHARLOTTETOWN A",50621,2022,7,1,18.6,46.29,-63.12
"Charlottetown","CHARLOTTETOWN A",50621,2023,7,1,21.9,46.29,-63.12
"Charlottetown","CHARLOTTETOWN A",50621,2024,7,1,16.3,46.29,-63.12
"Fredericton","FREDERICTON A",6157,1951,7,1,17.8,45.87,-66.53
"Fredericton","FREDERICTON A",6157,1952,7,1,16.4,45.87,-66.53
"Fredericton","FREDERICTON A",6157,1953,7,1,21.1,45.87,-66.53
"Fredericton","FREDERICTON A",6157,1954,7,1,16.7,45.87,-66.53
"Fredericton","FREDERICTON A",6157,1955,7,1,25.3,45.87,-66.53
"Fredericton","FREDERICTON A",6157,1956,7,1,18.6,45.87,-66.53
"Fredericton","FREDERICTON A",6157,1957,7,1,17,45.87,-66.53
"Fredericton","FREDERICTON A",6157,1958,7,1,19.5,45.87,-66.53
"Fredericton","FREDERICTON A",6157,1959,7,1,15,45.87,-66.53
"Fredericton","FREDERICTON A",6157,1960,7,1,20.3,45.87,-66.53
"Fredericton","FREDERICTON A",6157,1961,7,1,14.5,45.87,-66.53
"Fredericton","FREDERICTON A",6157,1962,7,1,16.4,45.87,-66.53
"Fredericton","FREDERICTON A",6157,1963,7,1,21.4,45.87,-66.53
"Fredericton","FREDERICTON A",6157,1964,7,1,18.9,45.87,-66.53
"Fredericton","FREDERICTON A",6157,1965,7,1,15.3,45.87,-66.53
"Fredericton","FREDERICTON A",6157,1966,7,1,18.1,45.87,-66.53
"Fredericton","FREDERICTON A",6157,1967,7,1,20.3,45.87,-66.53
"Fredericton","FREDERICTON A",6157,1968,7,1,20.6,45.87,-66.53
"Fredericton","FREDERICTON A",6157,1969,7,1,20.3,45.87,-66.53
"Fredericton","FREDERICTON A",6157,1970,7,1,14.2,45.87,-66.53
"Fredericton","FREDERICTON A",6157,1971,7,1,25,45.87,-66.53
"Fredericton","FREDERICTON A",6157,1972,7,1,17.5,45.87,-66.53
"Fredericton","FREDERICTON A",6157,1973,7,1,22,45.87,-66.53
"Fredericton","FREDERICTON A",6157,1974,7,1,20.3,45.87,-66.53
"Fredericton","FREDERICTON A",6157,1975,7,1,17.2,45.87,-66.53
"Fredericton","FREDERICTON A",6157,1976,7,1,12.8,45.87,-66.53
"Fredericton","FREDERICTON A",6157,1977,7,1,19.6,45.87,-66.53
"Fredericton","FREDERICTON A",6157,1978,7,1,12.9,45.87,-66.53
"Fredericton","FREDERICTON A",6157,1979,7,1,17,45.87,-66.53
"Fredericton","FREDERICTON A",6157,1980,7,1,17.5,45.87,-66.53
"Fredericton","FREDERICTON A",6157,1981,7,1,21.6,45.87,-66.53
"Fredericton","FREDERICTON A",6157,1982,7,1,14.4,45.87,-66.53
"Fredericton","FREDERICTON A",6157,1983,7,1,21.9,45.87,-66.53
"Fredericton","FREDERICTON A",6157,1984,7,1,22.7,45.87,-66.53
"Fredericton","FREDERICTON A",6157,1985,7,1,19.8,45.87,-66.53
"Fredericton","FREDERICTON A",6157,1986,7,1,16.6,45.87,-66.53
"Fredericton","FREDERICTON A",6157,1987,7,1,17.3,45.87,-66.53
"Fredericton","FREDERICTON A",6157,1988,7,1,12.4,45.87,-66.53
"Fredericton","FREDERICTON A",6157,1989,7,1,14.2,45.87,-66.53
"Fredericton","FREDERICTON A",6157,1990,7,1,16.3,45.87,-66.53
"Fredericton","FREDERICTON A",6157,1991,7,1,15.3,45.87,-66.53
"Fredericton","FREDERICTON A",6157,1992,7,1,17.1,45.87,-66.53
"Fredericton","FREDERICTON A",6157,1993,7,1,17.7,45.87,-66.53
"Fredericton","FREDERICTON A",6157,1994,7,1,20,45.87,-66.53
"Fredericton","FREDERICTON A",6157,1995,7,1,15,45.87,-66.53
"Fredericton","FREDERICTON A",6157,1996,7,1,14.8,45.87,-66.53
"Fredericton","FREDERICTON A",6157,1997,7,1,24.3,45.87,-66.53
"Fredericton","FREDERICTON A",6157,1998,7,1,16.7,45.87,-66.53
"Fredericton","FREDERICTON A",6157,1999,7,1,22.1,45.87,-66.53
"Fredericton","FREDERICTON CDA CS",30309,2000,7,1,19.5,45.92,-66.61
"Fredericton","FREDERICTON CDA CS",30309,2002,7,1,17.2,45.92,-66.61
"Fredericton","FREDERICTON CDA CS",30309,2003,7,1,20.6,45.92,-66.61
"Fredericton","FREDERICTON CDA CS",30309,2004,7,1,17.7,45.92,-66.61
"Fredericton","FREDERICTON CDA CS",30309,2005,7,1,16.7,45.92,-66.61
"Fredericton","FREDERICTON CDA CS",30309,2006,7,1,19.4,45.92,-66.61
"Fredericton","FREDERICTON CDA CS",30309,2007,7,1,14.3,45.92,-66.61
"Fredericton","FREDERICTON CDA CS",30309,2008,7,1,21.4,45.92,-66.61
"Fredericton","FREDERICTON CDA CS",30309,2009,7,1,17.4,45.92,-66.61
"Fredericton","FREDERICTON CDA CS",30309,2010,7,1,13.6,45.92,-66.61
"Fredericton","FREDERICTON CDA CS",30309,2011,7,1,17.4,45.92,-66.61
"Fredericton","FREDERICTON CDA CS",30309,2012,7,1,21.3,45.92,-66.61
"Fredericton","FREDERICTON CDA CS",30309,2013,7,1,21.6,45.92,-66.61
"Fredericton","FREDERICTON CDA CS",30309,2014,7,1,24.9,45.92,-66.61
"Fredericton","FREDERICTON CDA CS",30309,2015,7,1,18.4,45.92,-66.61
"Fredericton","FREDERICTON CDA CS",30309,2016,7,1,20,45.92,-66.61
"Fredericton","FREDERICTON CDA CS",30309,2017,7,1,16.8,45.92,-66.61
"Fredericton","FREDERICTON CDA CS",30309,2018,7,1,20.9,45.92,-66.61
"Fredericton","FREDERICTON CDA CS",30309,2019,7,1,17.6,45.92,-66.61
"Fredericton","FREDERICTON CDA CS",30309,2020,7,1,22.3,45.92,-66.61
"Fredericton","FREDERICTON CDA CS",30309,2021,7,1,16.5,45.92,-66.61
"Fredericton","FREDERICTON CDA CS",30309,2022,7,1,18.3,45.92,-66.61
"Fredericton","FREDERICTON CDA CS",30309,2023,7,1,21.9,45.92,-66.61
"Fredericton","FREDERICTON CDA CS",30309,2024,7,1,20.5,45.92,-66.61
"Iqaluit","IQALUIT A",1758,1949,7,1,5.9,63.75,-68.55
"Iqaluit","IQALUIT A",1758,1950,7,1,6.4,63.75,-68.55
"Iqaluit","IQALUIT A",1758,1951,7,1,6.4,63.75,-68.55
"Iqaluit","IQALUIT A",1758,1952,7,1,6.7,63.75,-68.55
"Iqaluit","IQALUIT A",1758,1953,7,1,2.8,63.75,-68.55
"Iqaluit","IQALUIT A",1758,1954,7,1,10,63.75,-68.55
"Iqaluit","IQALUIT A",1758,1955,7,1,6.9,63.75,-68.55
"Iqaluit","IQALUIT A",1758,1956,7,1,13.6,63.75,-68.55
"Iqaluit","IQALUIT A",1758,1957,7,1,3.9,63.75,-68.55
"Iqaluit","IQALUIT A",1758,1958,7,1,7,63.75,-68.55
"Iqaluit","IQALUIT A",1758,1959,7,1,5.3,63.75,-68.55
"Iqaluit","IQALUIT A",1758,1960,7,1,3.3,63.75,-68.55
"Iqaluit","IQALUIT A",1758,1961,7,1,2.8,63.75,-68.55
"Iqaluit","IQALUIT A",1758,1962,7,1,3.9,63.75,-68.55
"Iqaluit","IQALUIT A",1758,1963,7,1,4.7,63.75,-68.55
"Iqaluit","IQALUIT A",1758,1964,7,1,4.2,63.75,-68.55
"Iqaluit","IQALUIT A",1758,1965,7,1,3.4,63.75,-68.55
"Iqaluit","IQALUIT A",1758,1966,7,1,6.4,63.75,-68.55
"Iqaluit","IQALUIT A",1758,1967,7,1,7,63.75,-68.55
"Iqaluit","IQALUIT A",1758,1968,7,1,4.7,63.75,-68.55
"Iqaluit","IQALUIT A",1758,1969,7,1,6.7,63.75,-68.55
"Iqaluit","IQALUIT A",1758,1970,7,1,5.3,63.75,-68.55
"Iqaluit","IQALUIT A",1758,1971,7,1,9.2,63.75,-68.55
"Iqaluit","IQALUIT A",1758,1972,7,1,2.3,63.75,-68.55
"Iqaluit","IQALUIT A",1758,1973,7,1,9.2,63.75,-68.55
"Iqaluit","IQALUIT A",1758,1974,7,1,5,63.75,-68.55
"Iqaluit","IQALUIT A",1758,1975,7,1,7.8,63.75,-68.55
"Iqaluit","IQALUIT A",1758,1976,7,1,5.3,63.75,-68.55
"Iqaluit","IQALUIT A",1758,1977,7,1,4.2,63.75,-68.55
"Iqaluit","IQALUIT A",1758,1978,7,1,3.2,63.75,-68.55
"Iqaluit","IQALUIT A",1758,1979,7,1,6.3,63.75,-68.55
"Iqaluit","IQALUIT A",1758,1980,7,1,7.4,63.75,-68.55
"Iqaluit","IQALUIT A",1758,1981,7,1,7.6,63.75,-68.55
"Iqaluit","IQALUIT A",1758,1982,7,1,8.7,63.75,-68.55
"Iqaluit","IQALUIT A",1758,1983,7,1,6.3,63.75,-68.55
"Iqaluit","IQALUIT A",1758,1984,7,1,8,63.75,-68.55
"Iqaluit","IQALUIT A",1758,1985,7,1,10.7,63.75,-68.55
"Iqaluit","IQALUIT A",1758,1986,7,1,4.5,63.75,-68.55
"Iqaluit","IQALUIT A",1758,1987,7,1,5.8,63.75,-68.55
"Iqaluit","IQALUIT A",1758,1988,7,1,5.1,63.75,-68.55
"Iqaluit","IQALUIT A",1758,1989,7,1,11.4,63.75,-68.55
"Iqaluit","IQALUIT A",1758,1990,7,1,4.5,63.75,-68.55
"Iqaluit","IQALUIT A",1758,1991,7,1,12.8,63.75,-68.55
"Iqaluit","IQALUIT A",1758,1992,7,1,3.9,63.75,-68.55
"Iqaluit","IQALUIT A",1758,1993,7,1,5.2,63.75,-68.55
"Iqaluit","IQALUIT A",1758,1994,7,1,5,63.75,-68.55
"Iqaluit","IQALUIT A",1758,1995,7,1,5.3,63.75,-68.55
"Iqaluit","IQALUIT A",1758,1996,7,1,7.3,63.75,-68.55
"Iqaluit","IQALUIT A",1758,1997,7,1,10.6,63.75,-68.55
"Iqaluit","IQALUIT A",1758,1998,7,1,7.1,63.75,-68.55
"Iqaluit","IQALUIT A",1758,1999,7,1,5.5,63.75,-68.55
"Iqaluit","IQALUIT A",1758,2000,7,1,3.5,63.75,-68.55
"Iqaluit","IQALUIT A",1758,2001,7,1,3.1,63.75,-68.55
"Iqaluit","IQALUIT A",1758,2002,7,1,11.7,63.75,-68.55
"Iqaluit","IQALUIT A",1758,2003,7,1,3.9,63.75,-68.55
"Iqaluit","IQALUIT CLIMATE",42503,2005,7,1,4.7,63.75,-68.54
"Iqaluit","IQALUIT CLIMATE",42503,2006,7,1,7.8,63.75,-68.54
"Iqaluit","IQALUIT CLIMATE",42503,2007,7,1,9.3,63.75,-68.54
"Iqaluit","IQALUIT CLIMATE",42503,2008,7,1,4,63.75,-68.54
"Iqaluit","IQALUIT CLIMATE",42503,2009,7,1,4.6,63.75,-68.54
"Iqaluit","IQALUIT CLIMATE",42503,2010,7,1,10.8,63.75,-68.54
"Iqaluit","IQALUIT CLIMATE",42503,2011,7,1,8.6,63.75,-68.54
"Iqaluit","IQALUIT CLIMATE",42503,2012,7,1,6.4,63.75,-68.54
"Iqaluit","IQALUIT CLIMATE",42503,2013,7,1,5.4,63.75,-68.54
"Iqaluit","IQALUIT CLIMATE",42503,2014,7,1,5.1,63.75,-68.54
"Iqaluit","IQALUIT CLIMATE",42503,2015,7,1,5,63.75,-68.54
"Iqaluit","IQALUIT CLIMATE",42503,2016,7,1,7.8,63.75,-68.54
"Iqaluit","IQALUIT CLIMATE",42503,2017,7,1,13.3,63.75,-68.54
"Iqaluit","IQALUIT CLIMATE",42503,2018,7,1,6.4,63.75,-68.54
"Iqaluit","IQALUIT CLIMATE",42503,2019,7,1,4.4,63.75,-68.54
"Iqaluit","IQALUIT CLIMATE",42503,2020,7,1,10.6,63.75,-68.54
"Iqaluit","IQALUIT CLIMATE",42503,2021,7,1,9.1,63.75,-68.54
"Iqaluit","IQALUIT CLIMATE",42503,2022,7,1,6.1,63.75,-68.54
"Iqaluit","IQALUIT CLIMATE",42503,2023,7,1,4.6,63.75,-68.54
"Iqaluit","IQALUIT CLIMATE",42503,2024,7,1,8.2,63.75,-68.54
